city,district,underground,total_meters,living_meters,kitchen_meters,rooms_count,floor,floors_count,house_material_type,finish_type,object_type,year_of_construction,price
Казань,Авиастроительный,Авиастроительная,10,,,0,3,5,unknown,unknown,flat,,2199000
Казань,Авиастроительный,Авиастроительная,12.7,,,0,2,3,unknown,unknown,flat,,2690000
Казань,Авиастроительный,Авиастроительная,12.7,,,0,2,3,unknown,unknown,flat,,2690000
Казань,Авиастроительный,Авиастроительная,16,,,0,3,3,unknown,unknown,flat,,2900000
Казань,Авиастроительный,Авиастроительная,16,,,0,1,5,unknown,unknown,flat,,3390000
Казань,Авиастроительный,Авиастроительная,18,,,0,5,5,unknown,unknown,flat,,3650000
Казань,Авиастроительный,Авиастроительная,23.5,,,1,1,5,unknown,unknown,flat,,3700000
Казань,Авиастроительный,Авиастроительная,23.5,,,1,1,5,unknown,unknown,flat,,3700000
Казань,Авиастроительный,Авиастроительная,19,,,1,3,5,unknown,unknown,flat,,4000000
Казань,Авиастроительный,Авиастроительная,29.2,,,1,7,9,unknown,unknown,flat,,4699000
Казань,Авиастроительный,Авиастроительная,29.2,,,1,7,9,unknown,unknown,flat,,4699000
Казань,Авиастроительный,Авиастроительная,39,,,1,1,9,unknown,unknown,flat,,5000000
Казань,Авиастроительный,Авиастроительная,34.7,,,1,6,9,unknown,unknown,flat,,5000000
Казань,Авиастроительный,Авиастроительная,38,,,1,2,2,unknown,unknown,flat,,5200000
Казань,Авиастроительный,Авиастроительная,63.9,,,2,2,2,unknown,unknown,flat,,5990000
Казань,Авиастроительный,Авиастроительная,63.9,,,2,2,2,unknown,unknown,flat,,5990000
Казань,Авиастроительный,Авиастроительная,41.5,,,2,2,9,unknown,unknown,flat,,6000000
Казань,Авиастроительный,Авиастроительная,41.5,,,2,2,9,unknown,unknown,flat,,6000000
Казань,Авиастроительный,Авиастроительная,41.5,,,2,2,9,unknown,unknown,flat,,6000000
Казань,Авиастроительный,Авиастроительная,39.9,,,1,6,9,unknown,unknown,flat,,6500000
Казань,Авиастроительный,Авиастроительная,52.4,,,3,2,2,unknown,unknown,flat,,6500000
Казань,Авиастроительный,Авиастроительная,50,,,2,2,5,unknown,unknown,flat,,7400000
Казань,Авиастроительный,Авиастроительная,50.1,,,2,4,9,unknown,unknown,flat,,7690000
Казань,Авиастроительный,Авиастроительная,47.7,,,1,11,16,unknown,unknown,flat,,8399999
Казань,Авиастроительный,Авиастроительная,30.95,,,0,2,15,unknown,unknown,flat,,8865000
Казань,Авиастроительный,Авиастроительная,44.5,,,1,8,10,unknown,unknown,flat,,9299900
Казань,Авиастроительный,Авиастроительная,44.5,,,1,8,10,unknown,unknown,flat,,9299900
Казань,Авиастроительный,Авиастроительная,33.51,,,0,8,13,unknown,unknown,flat,,9401186
Казань,Авиастроительный,Авиастроительная,33.51,,,0,8,13,unknown,unknown,flat,,9401186
Казань,Авиастроительный,Авиастроительная,33.11,,,0,5,13,unknown,unknown,flat,,9491281
Казань,Авиастроительный,Авиастроительная,52,,,2,1,15,unknown,unknown,flat,,10170000
Казань,Авиастроительный,Авиастроительная,51.2,,,2,4,6,unknown,unknown,flat,,10500000
Казань,Авиастроительный,Авиастроительная,51.2,,,2,4,6,unknown,unknown,flat,,10500000
Казань,Авиастроительный,Авиастроительная,51.2,,,2,4,6,unknown,unknown,flat,,10500000
Казань,Авиастроительный,Авиастроительная,45.63,,,1,8,13,unknown,unknown,flat,,10722354
Казань,Авиастроительный,Авиастроительная,45.63,,,1,8,13,unknown,unknown,flat,,10722354
Казань,Авиастроительный,Авиастроительная,63.1,,,2,4,10,unknown,unknown,flat,,11490000
Казань,Авиастроительный,Авиастроительная,63.1,,,2,4,10,unknown,unknown,flat,,11490000
Казань,Авиастроительный,Авиастроительная,45.21,,,1,6,13,unknown,unknown,flat,,11498566
Казань,Авиастроительный,Авиастроительная,77.17,,,3,10,15,unknown,unknown,flat,,13430000
Казань,Авиастроительный,Авиастроительная,67.67,,,2,2,13,unknown,unknown,flat,,13545421
Казань,Авиастроительный,Авиастроительная,82.14,,,3,2,13,unknown,unknown,flat,,17348038
Казань,Авиастроительный,Авиастроительная,82.14,,,3,2,13,unknown,unknown,flat,,17348038
Казань,Вахитовский,Площадь Тукая,18,,,0,7,9,unknown,unknown,flat,,2200000
Казань,Вахитовский,Площадь Тукая,16,,,0,5,9,unknown,unknown,flat,,3440000
Казань,Вахитовский,Площадь Тукая,16,,,0,5,5,unknown,unknown,flat,,3990000
Казань,Вахитовский,Аметьево,20.7,,,0,9,9,unknown,unknown,flat,,4700000
Казань,Вахитовский,Суконная слобода,18,,,0,7,10,unknown,unknown,flat,,5000000
Казань,Вахитовский,Суконная слобода,30.7,,,1,1,5,unknown,unknown,flat,,7180000
Казань,Вахитовский,Суконная слобода,44.3,,,0,7,7,unknown,unknown,flat,,7199000
Казань,Вахитовский,Суконная слобода,44.3,,,0,7,7,unknown,unknown,flat,,7199000
Казань,Вахитовский,Суконная слобода,44.1,,,1,3,5,unknown,unknown,flat,,7290000
Казань,Вахитовский,Суконная слобода,44.1,,,1,3,5,unknown,unknown,flat,,7290000
Казань,Вахитовский,Суконная слобода,30.1,,,1,5,5,unknown,unknown,flat,,7500000
Казань,Вахитовский,Суконная слобода,30.1,,,1,5,5,unknown,unknown,flat,,7500000
Казань,Вахитовский,Площадь Тукая,45,,,2,1,5,unknown,unknown,flat,,7690000
Казань,Вахитовский,Аметьево,60.5,,,3,4,5,unknown,unknown,flat,,8490000
Казань,Вахитовский,Суконная слобода,36.3,,,1,4,9,unknown,unknown,flat,,10790000
Казань,Вахитовский,Суконная слобода,36.3,,,1,4,9,unknown,unknown,flat,,10790000
Казань,Вахитовский,Площадь Тукая,52.9,,,3,1,2,unknown,unknown,flat,,10999999
Казань,Вахитовский,Площадь Тукая,46.6,,,2,2,5,unknown,unknown,flat,,11700000
Казань,Вахитовский,Площадь Тукая,31,,,0,16,20,unknown,unknown,flat,,12074553
Казань,Вахитовский,Площадь Тукая,31,,,0,8,11,unknown,unknown,flat,,12370000
Казань,Вахитовский,Площадь Тукая,31,,,0,8,11,unknown,unknown,flat,,12370000
Казань,Вахитовский,Кремлёвская,17.1,,,1,2,5,unknown,unknown,flat,,12436830
Казань,Вахитовский,Суконная слобода,54.2,,,2,3,9,unknown,unknown,flat,,12500000
Казань,Вахитовский,Площадь Тукая,49,,,2,2,4,unknown,unknown,flat,,12950000
Казань,Вахитовский,Площадь Тукая,53.29,,,2,7,10,unknown,unknown,flat,,13750000
Казань,Вахитовский,Площадь Тукая,53.29,,,2,7,10,unknown,unknown,flat,,13750000
Казань,Вахитовский,Площадь Тукая,85.3,,,3,2,5,unknown,unknown,flat,,14000000
Казань,Вахитовский,Площадь Тукая,42,,,0,13,20,unknown,unknown,flat,,15568624
Казань,Вахитовский,Площадь Тукая,36.28,,,0,2,15,unknown,unknown,flat,,15656036
Казань,Вахитовский,Суконная слобода,69.6,,,2,2,6,unknown,unknown,flat,,15999000
Казань,Вахитовский,Суконная слобода,69.6,,,2,2,6,unknown,unknown,flat,,15999000
Казань,Вахитовский,Суконная слобода,55.01,,,2,2,9,unknown,unknown,flat,,16000000
Казань,Вахитовский,Кремлёвская,48.76,,,1,2,5,unknown,unknown,flat,,16090800
Казань,Вахитовский,Кремлёвская,48.76,,,1,2,5,unknown,unknown,flat,,16090800
Казань,Вахитовский,Кремлёвская,48.76,,,1,2,5,unknown,unknown,flat,,16090800
Казань,Вахитовский,Площадь Тукая,42.1,,,1,4,19,unknown,unknown,flat,,16171328
Казань,Вахитовский,Площадь Тукая,40.87,,,0,7,19,unknown,unknown,flat,,16457405
Казань,Вахитовский,Площадь Тукая,39.77,,,0,18,22,unknown,unknown,flat,,16576378
Казань,Вахитовский,Площадь Тукая,40.87,,,0,7,19,unknown,unknown,flat,,16622390
Казань,Вахитовский,Суконная слобода,55,,,2,16,20,unknown,unknown,flat,,16800000
Казань,Вахитовский,Площадь Тукая,59.8,,,3,2,3,unknown,unknown,flat,,18000000
Казань,Вахитовский,Кремлёвская,56.17,,,2,5,5,unknown,unknown,flat,,18255250
Казань,Вахитовский,Кремлёвская,56.17,,,2,5,5,unknown,unknown,flat,,18255250
Казань,Вахитовский,Суконная слобода,55.8,,,1,3,8,unknown,unknown,flat,,18500000
Казань,Вахитовский,Площадь Тукая,140.1,,,3,7,7,unknown,unknown,flat,,18500000
Казань,Вахитовский,Суконная слобода,37.81,,,1,12,17,unknown,unknown,flat,,19243254
Казань,Вахитовский,Площадь Тукая,37.51,,,1,3,5,unknown,unknown,flat,,19344581
Казань,Вахитовский,Площадь Тукая,37.51,,,1,3,5,unknown,unknown,flat,,19344581
Казань,Вахитовский,Площадь Тукая,70.46,,,2,8,22,unknown,unknown,flat,,19901693
Казань,Вахитовский,Площадь Тукая,51.2,,,1,3,4,unknown,unknown,flat,,19968000
Казань,Вахитовский,Суконная слобода,82.4,,,3,3,17,unknown,unknown,flat,,20640000
Казань,Вахитовский,Площадь Тукая,89.1,,,0,3,4,unknown,unknown,flat,,21032000
Казань,Вахитовский,Площадь Тукая,71.7,,,3,4,15,unknown,unknown,flat,,21773250
Казань,Вахитовский,Кремлёвская,67.12,,,3,5,5,unknown,unknown,flat,,22485200
Казань,Вахитовский,Площадь Тукая,90.1,,,2,4,6,unknown,unknown,flat,,24000000
Казань,Вахитовский,Площадь Тукая,90.1,,,2,4,6,unknown,unknown,flat,,24000000
Казань,Вахитовский,Площадь Тукая,94.48,,,3,3,6,unknown,unknown,flat,,24205413
Казань,Вахитовский,Площадь Тукая,31.23,,,0,5,8,unknown,unknown,flat,,24804183
Казань,Вахитовский,Суконная слобода,95,,,3,5,10,unknown,unknown,flat,,24900000
Казань,Вахитовский,Площадь Тукая,111.1,,,0,3,4,unknown,unknown,flat,,25740000
Казань,Вахитовский,Площадь Тукая,75.8,,,2,2,4,unknown,unknown,flat,,26909000
Казань,Вахитовский,Площадь Тукая,76.9,,,2,2,4,unknown,unknown,flat,,27299500
Казань,Вахитовский,Площадь Тукая,89.4,,,2,15,26,unknown,unknown,flat,,27500000
Казань,Вахитовский,Площадь Тукая,89.4,,,2,15,26,unknown,unknown,flat,,27500000
Казань,Вахитовский,Площадь Тукая,64.77,,,1,5,6,unknown,unknown,flat,,27574000
Казань,Вахитовский,Площадь Тукая,38.81,,,1,3,8,unknown,unknown,flat,,28133029
Казань,Вахитовский,Площадь Тукая,44.27,,,1,3,4,unknown,unknown,flat,,28206301
Казань,Вахитовский,Суконная слобода,80.9,,,3,3,8,unknown,unknown,flat,,29900000
Казань,Вахитовский,Площадь Тукая,64.97,,,2,2,5,unknown,unknown,flat,,30523911
Казань,Вахитовский,Площадь Тукая,77.7,,,2,4,7,unknown,unknown,flat,,31500000
Казань,Вахитовский,Суконная слобода,64.6,,,1,2,5,unknown,unknown,flat,,31654000
Казань,Вахитовский,Площадь Тукая,55.7,,,1,10,19,unknown,unknown,flat,,34622862
Казань,Вахитовский,Кремлёвская,108.4,,,3,2,6,unknown,unknown,flat,,34800000
Казань,Вахитовский,Кремлёвская,108.4,,,3,2,6,unknown,unknown,flat,,34800000
Казань,Вахитовский,Площадь Тукая,82,,,3,3,5,unknown,unknown,flat,,34900000
Казань,Вахитовский,Площадь Тукая,76.4,,,2,3,6,unknown,unknown,flat,,35019800
Казань,Вахитовский,Суконная слобода,72.29,,,3,2,5,unknown,unknown,flat,,36145000
Казань,Вахитовский,Суконная слобода,72.29,,,3,2,5,unknown,unknown,flat,,36145000
Казань,Вахитовский,Площадь Тукая,71.23,,,2,4,5,unknown,unknown,flat,,37395032
Казань,Вахитовский,Суконная слобода,89,,,3,3,6,unknown,unknown,flat,,37700000
Казань,Вахитовский,Суконная слобода,89,,,3,3,6,unknown,unknown,flat,,37700000
Казань,Вахитовский,Площадь Тукая,72.49,,,2,4,4,unknown,unknown,flat,,39072110
Казань,Вахитовский,Площадь Тукая,72.49,,,2,4,4,unknown,unknown,flat,,39072110
Казань,Вахитовский,Площадь Тукая,103,,,2,3,9,unknown,unknown,flat,,40000000
Казань,Вахитовский,Кремлёвская,119.7,,,1,4,4,unknown,unknown,flat,,41895000
Казань,Вахитовский,Кремлёвская,119.7,,,1,4,4,unknown,unknown,flat,,41895000
Казань,Вахитовский,Площадь Тукая,71.55,,,2,2,5,unknown,unknown,flat,,42102477
Казань,Вахитовский,Суконная слобода,94.72,,,2,4,4,unknown,unknown,flat,,46412800
Казань,Вахитовский,Площадь Тукая,85,,,3,3,4,unknown,unknown,flat,,49000000
Казань,Вахитовский,Площадь Тукая,95.7,,,3,4,5,unknown,unknown,flat,,49900000
Казань,Вахитовский,Площадь Тукая,159,,,0,2,4,unknown,unknown,flat,,50880000
Казань,Вахитовский,Площадь Тукая,99.56,,,2,1,8,unknown,unknown,flat,,52270187
Казань,Вахитовский,Площадь Тукая,139.51,,,3,2,5,unknown,unknown,flat,,53738300
Казань,Вахитовский,Площадь Тукая,83.27,,,3,4,8,unknown,unknown,flat,,55778883
Казань,Вахитовский,Суконная слобода,109.22,,,3,2,5,unknown,unknown,flat,,56794400
Казань,Вахитовский,Площадь Тукая,78.75,,,1,1,8,unknown,unknown,flat,,60269324
Казань,Вахитовский,Площадь Тукая,78.75,,,1,1,8,unknown,unknown,flat,,60269324
Казань,Вахитовский,Площадь Тукая,83.51,,,2,4,4,unknown,unknown,flat,,61129320
Казань,Вахитовский,Площадь Тукая,80.16,,,3,5,8,unknown,unknown,flat,,63750495
Казань,Вахитовский,Площадь Тукая,80,,,3,6,8,unknown,unknown,flat,,68167723
Казань,Вахитовский,Площадь Тукая,117.2,,,3,3,4,unknown,unknown,flat,,79344400
Казань,Кировский,Яшьлек,25,,,0,3,4,unknown,unknown,flat,,3099000
Казань,Кировский,Козья слобода,38,,,1,3,4,unknown,unknown,flat,,4399000
Казань,Кировский,Кремлёвская,47.2,,,2,9,9,unknown,unknown,flat,,4500000
Казань,Кировский,Яшьлек,30,,,1,2,5,unknown,unknown,flat,,4890000
Казань,Кировский,Яшьлек,30,,,1,2,5,unknown,unknown,flat,,4890000
Казань,Кировский,Кремлёвская,34.6,,,1,5,5,unknown,unknown,flat,,5000000
Казань,Кировский,Кремлёвская,34.6,,,1,5,5,unknown,unknown,flat,,5000000
Казань,Кировский,Авиастроительная,45.8,,,2,5,5,unknown,unknown,flat,,5500000
Казань,Кировский,Яшьлек,31,,,1,2,5,unknown,unknown,flat,,5850000
Казань,Кировский,Яшьлек,31,,,1,2,5,unknown,unknown,flat,,5850000
Казань,Кировский,Авиастроительная,38.1,,,1,6,18,unknown,unknown,flat,,5890000
Казань,Кировский,Козья слобода,29.5,,,1,4,5,unknown,unknown,flat,,6000000
Казань,Кировский,Козья слобода,29.5,,,1,4,5,unknown,unknown,flat,,6000000
Казань,Кировский,Авиастроительная,42,,,1,7,20,unknown,unknown,flat,,6100000
Казань,Кировский,Яшьлек,30,,,0,15,20,unknown,unknown,flat,,6200000
Казань,Кировский,Кремлёвская,61.4,,,3,2,5,unknown,unknown,flat,,6200000
Казань,Кировский,Кремлёвская,52,,,2,1,4,unknown,unknown,flat,,6390000
Казань,Кировский,Яшьлек,51.8,,,2,5,5,unknown,unknown,flat,,6399000
Казань,Кировский,Кремлёвская,31.7,,,0,13,25,unknown,unknown,flat,,6500000
Казань,Кировский,Авиастроительная,57.8,,,3,2,5,unknown,unknown,flat,,6690000
Казань,Кировский,Авиастроительная,68.5,,,3,3,3,unknown,unknown,flat,,6800000
Казань,Кировский,Яшьлек,30.5,,,1,4,5,unknown,unknown,flat,,6850000
Казань,Кировский,Яшьлек,30.5,,,1,4,5,unknown,unknown,flat,,6850000
Казань,Кировский,Яшьлек,44.8,,,2,5,9,unknown,unknown,flat,,6990000
Казань,Кировский,Яшьлек,57.6,,,3,3,5,unknown,unknown,flat,,7100000
Казань,Кировский,Яшьлек,43,,,2,8,19,unknown,unknown,flat,,7250000
Казань,Кировский,Северный Вокзал,29.68,,,0,3,8,unknown,unknown,flat,,7439999
Казань,Кировский,Кремлёвская,63.8,,,3,8,9,unknown,unknown,flat,,7500000
Казань,Кировский,Авиастроительная,23.56,,,0,4,8,unknown,unknown,flat,,7559999
Казань,Кировский,Яшьлек,37,,,1,3,9,unknown,unknown,flat,,7650000
Казань,Кировский,Северный Вокзал,28.93,,,0,7,8,unknown,unknown,flat,,7699999
Казань,Кировский,Яшьлек,58,,,3,3,5,unknown,unknown,flat,,7899000
Казань,Кировский,Кремлёвская,39.2,,,1,11,14,unknown,unknown,flat,,8300000
Казань,Кировский,Яшьлек,60.6,,,3,4,5,unknown,unknown,flat,,8800000
Казань,Кировский,Яшьлек,33.4,,,1,11,24,unknown,unknown,flat,,8950000
Казань,Кировский,Яшьлек,53.3,,,2,5,9,unknown,unknown,flat,,10500000
Казань,Кировский,Авиастроительная,86,,,3,6,18,unknown,unknown,flat,,10700000
Казань,Кировский,Авиастроительная,82.3,,,3,4,20,unknown,unknown,flat,,11000000
Казань,Кировский,Яшьлек,75,,,3,7,9,unknown,unknown,flat,,13975000
Казань,Кировский,Яшьлек,75,,,3,4,10,unknown,unknown,flat,,15600000
Казань,Кировский,Кремлёвская,61.61,,,2,3,8,unknown,unknown,flat,,16809000
Казань,Кировский,Козья слобода,59.9,,,2,11,17,unknown,unknown,flat,,17400000
Казань,Кировский,Кремлёвская,48.81,,,1,5,7,unknown,unknown,flat,,18079808
Казань,Кировский,Кремлёвская,48.81,,,1,5,7,unknown,unknown,flat,,18079808
Казань,Кировский,Кремлёвская,72.69,,,3,2,8,unknown,unknown,flat,,18400000
Казань,Кировский,Кремлёвская,103.44,,,3,2,8,unknown,unknown,flat,,22600000
Казань,Кировский,Кремлёвская,103.44,,,3,2,8,unknown,unknown,flat,,24260000
Казань,Кировский,Кремлёвская,63.39,,,2,6,7,unknown,unknown,flat,,27291931
Казань,Кировский,Козья слобода,102.85,,,2,6,15,unknown,unknown,flat,,29653069
Казань,Кировский,Кремлёвская,87.83,,,3,6,7,unknown,unknown,flat,,30077523
Казань,Кировский,Кремлёвская,136.38,,,1,7,8,unknown,unknown,flat,,42480000
Казань,Кировский,Кремлёвская,136.38,,,1,7,8,unknown,unknown,flat,,42480000
Казань,Московский,Авиастроительная,19,,,0,2,5,unknown,unknown,flat,,1700000
Казань,Московский,Авиастроительная,19,,,0,2,5,unknown,unknown,flat,,2100000
Казань,Московский,Яшьлек,16,,,0,3,9,unknown,unknown,flat,,2700000
Казань,Московский,Яшьлек,17,,,0,8,9,unknown,unknown,flat,,2800000
Казань,Московский,Яшьлек,25.5,,,1,2,3,unknown,unknown,flat,,3300000
Казань,Московский,Яшьлек,25.5,,,1,2,3,unknown,unknown,flat,,3300000
Казань,Московский,Авиастроительная,18,,,0,5,5,unknown,unknown,flat,,3400000
Казань,Московский,Авиастроительная,18,,,0,5,5,unknown,unknown,flat,,3400000
Казань,Московский,Яшьлек,20,,,0,5,9,unknown,unknown,flat,,3500000
Казань,Московский,Авиастроительная,21,,,1,5,6,unknown,unknown,flat,,3700000
Казань,Московский,Авиастроительная,21,,,1,5,6,unknown,unknown,flat,,3700000
Казань,Московский,Авиастроительная,30,,,1,3,5,unknown,unknown,flat,,3900000
Казань,Московский,Авиастроительная,30,,,1,3,5,unknown,unknown,flat,,3900000
Казань,Московский,Яшьлек,33.5,,,1,6,9,unknown,unknown,flat,,4200000
Казань,Московский,Авиастроительная,29.2,,,1,1,5,unknown,unknown,flat,,4200000
Казань,Московский,Яшьлек,16.8,,,0,5,5,unknown,unknown,flat,,4250000
Казань,Московский,Авиастроительная,32,,,1,3,5,unknown,unknown,flat,,4550000
Казань,Московский,Авиастроительная,42,,,2,3,5,unknown,unknown,flat,,4850000
Казань,Московский,Авиастроительная,47.1,,,2,2,5,unknown,unknown,flat,,5499000
Казань,Московский,Авиастроительная,51.2,,,3,2,5,unknown,unknown,flat,,5600000
Казань,Московский,Авиастроительная,49.8,,,3,5,5,unknown,unknown,flat,,5800000
Казань,Московский,Авиастроительная,60,,,3,3,5,unknown,unknown,flat,,6050000
Казань,Московский,Яшьлек,33.7,,,2,1,5,unknown,unknown,flat,,6150000
Казань,Московский,Яшьлек,33.7,,,2,1,5,unknown,unknown,flat,,6150000
Казань,Московский,Северный Вокзал,54.2,,,3,1,5,unknown,unknown,flat,,6600000
Казань,Московский,Яшьлек,35.6,,,1,9,9,unknown,unknown,flat,,6650000
Казань,Московский,Яшьлек,45,,,2,4,5,unknown,unknown,flat,,7300000
Казань,Московский,Яшьлек,29.7,,,0,23,23,unknown,unknown,flat,,7440000
Казань,Московский,Яшьлек,29.7,,,0,23,23,unknown,unknown,flat,,7440000
Казань,Московский,Козья слобода,60.7,,,3,5,5,unknown,unknown,flat,,8290000
Казань,Московский,Северный Вокзал,29.18,,,0,6,20,unknown,unknown,flat,,9239999
Казань,Московский,Северный Вокзал,29.61,,,0,7,20,unknown,unknown,flat,,9259999
Казань,Московский,Северный Вокзал,29.18,,,0,8,20,unknown,unknown,flat,,9429999
Казань,Московский,Северный Вокзал,30.59,,,1,6,20,unknown,unknown,flat,,9569999
Казань,Московский,Северный Вокзал,30.59,,,1,6,20,unknown,unknown,flat,,9569999
Казань,Московский,Козья слобода,67,,,3,3,9,unknown,unknown,flat,,10000000
Казань,Московский,Северный Вокзал,55.1,,,2,1,5,unknown,unknown,flat,,10199000
Казань,Московский,Северный Вокзал,55.1,,,2,1,5,unknown,unknown,flat,,10199000
Казань,Московский,Яшьлек,71,,,3,4,10,unknown,unknown,flat,,10800000
Казань,Московский,Яшьлек,71,,,3,4,10,unknown,unknown,flat,,10800000
Казань,Московский,Северный Вокзал,56.2,,,3,4,5,unknown,unknown,flat,,11599000
Казань,Московский,Северный Вокзал,51.04,,,2,3,20,unknown,unknown,flat,,12461175
Казань,Московский,Северный Вокзал,70.69,,,3,3,20,unknown,unknown,flat,,16739999
Казань,Московский,Козья слобода,92.3,,,3,6,11,unknown,unknown,flat,,20299000
Казань,Ново-Савиновский,Северный Вокзал,12,,,0,2,5,unknown,unknown,flat,,2450000
Казань,Ново-Савиновский,Северный Вокзал,12,,,0,3,5,unknown,unknown,flat,,2550000
Казань,Ново-Савиновский,Северный Вокзал,12,,,0,3,5,unknown,unknown,flat,,2550000
Казань,Ново-Савиновский,Яшьлек,16,,,0,3,5,unknown,unknown,flat,,3100000
Казань,Ново-Савиновский,Яшьлек,16,,,0,3,5,unknown,unknown,flat,,3100000
Казань,Ново-Савиновский,Северный Вокзал,17.7,,,0,4,5,unknown,unknown,flat,,3150000
Казань,Ново-Савиновский,Северный Вокзал,17.7,,,0,4,5,unknown,unknown,flat,,3150000
Казань,Ново-Савиновский,Северный Вокзал,20.1,,,0,2,5,unknown,unknown,flat,,3450000
Казань,Ново-Савиновский,Северный Вокзал,18.4,,,0,3,5,unknown,unknown,flat,,3490000
Казань,Ново-Савиновский,Северный Вокзал,18.4,,,0,3,5,unknown,unknown,flat,,3490000
Казань,Ново-Савиновский,Яшьлек,18,,,0,4,5,unknown,unknown,flat,,3500000
Казань,Ново-Савиновский,Яшьлек,22,,,0,6,9,unknown,unknown,flat,,3690000
Казань,Ново-Савиновский,Козья слобода,19,,,0,1,10,unknown,unknown,flat,,3700000
Казань,Ново-Савиновский,Козья слобода,19.5,,,0,1,9,unknown,unknown,flat,,3750000
Казань,Ново-Савиновский,Северный Вокзал,17.5,,,0,4,5,unknown,unknown,flat,,3799999
Казань,Ново-Савиновский,Северный Вокзал,18.2,,,1,2,5,unknown,unknown,flat,,3950000
Казань,Ново-Савиновский,Северный Вокзал,19.8,,,0,2,5,unknown,unknown,flat,,3990000
Казань,Ново-Савиновский,Северный Вокзал,31,,,1,1,5,unknown,unknown,flat,,4750000
Казань,Ново-Савиновский,Северный Вокзал,31,,,1,1,5,unknown,unknown,flat,,4750000
Казань,Ново-Савиновский,Яшьлек,26,,,1,2,9,unknown,unknown,flat,,5150000
Казань,Ново-Савиновский,Яшьлек,26,,,1,2,9,unknown,unknown,flat,,5150000
Казань,Ново-Савиновский,Яшьлек,26,,,1,2,9,unknown,unknown,flat,,5150000
Казань,Ново-Савиновский,Северный Вокзал,41.8,,,2,5,5,unknown,unknown,flat,,6350000
Казань,Ново-Савиновский,Северный Вокзал,30.4,,,1,5,5,unknown,unknown,flat,,6400000
Казань,Ново-Савиновский,Козья слобода,38.3,,,2,6,9,unknown,unknown,flat,,6450000
Казань,Ново-Савиновский,Яшьлек,33.6,,,1,9,9,unknown,unknown,flat,,7170000
Казань,Ново-Савиновский,Северный Вокзал,30.9,,,1,4,9,unknown,unknown,flat,,7299000
Казань,Ново-Савиновский,Яшьлек,56,,,2,2,9,unknown,unknown,flat,,7950000
Казань,Ново-Савиновский,Яшьлек,35.78,,,1,3,21,unknown,unknown,flat,,8500000
Казань,Ново-Савиновский,Козья слобода,36.8,,,1,9,16,unknown,unknown,flat,,8600000
Казань,Ново-Савиновский,Яшьлек,42.9,,,2,2,9,unknown,unknown,flat,,8700000
Казань,Ново-Савиновский,Яшьлек,49.5,,,2,2,9,unknown,unknown,flat,,9000000
Казань,Ново-Савиновский,Яшьлек,65.2,,,2,3,16,unknown,unknown,flat,,9600000
Казань,Ново-Савиновский,Козья слобода,59.9,,,3,2,14,unknown,unknown,flat,,9800000
Казань,Ново-Савиновский,Яшьлек,66.1,,,3,5,9,unknown,unknown,flat,,10200000
Казань,Ново-Савиновский,Яшьлек,62.5,,,3,9,9,unknown,unknown,flat,,10390000
Казань,Ново-Савиновский,Яшьлек,66.5,,,3,6,9,unknown,unknown,flat,,10550000
Казань,Ново-Савиновский,Яшьлек,63.9,,,2,2,9,unknown,unknown,flat,,12299000
Казань,Ново-Савиновский,Яшьлек,63.9,,,2,2,9,unknown,unknown,flat,,12299000
Казань,Ново-Савиновский,Яшьлек,50.7,,,2,5,9,unknown,unknown,flat,,12500000
Казань,Ново-Савиновский,Козья слобода,56,,,2,4,9,unknown,unknown,flat,,13000000
Казань,Ново-Савиновский,Козья слобода,42.55,,,1,8,18,unknown,unknown,flat,,13100000
Казань,Ново-Савиновский,Яшьлек,90.2,,,3,10,14,unknown,unknown,flat,,13500000
Казань,Ново-Савиновский,Козья слобода,37.8,,,1,17,18,unknown,unknown,flat,,13650000
Казань,Ново-Савиновский,Яшьлек,64,,,3,4,19,unknown,unknown,flat,,15000000
Казань,Ново-Савиновский,Козья слобода,102.7,,,3,3,5,unknown,unknown,flat,,15990000
Казань,Ново-Савиновский,Козья слобода,65.8,,,2,13,16,unknown,unknown,flat,,16450000
Казань,Ново-Савиновский,Козья слобода,73.23,,,3,3,18,unknown,unknown,flat,,19776000
Казань,Ново-Савиновский,Козья слобода,60.8,,,2,3,12,unknown,unknown,flat,,20990000
Казань,Ново-Савиновский,Козья слобода,60.8,,,2,3,12,unknown,unknown,flat,,20990000
Казань,Ново-Савиновский,Козья слобода,94.2,,,3,8,9,unknown,unknown,flat,,22000000
Казань,Ново-Савиновский,Яшьлек,110,,,3,3,4,unknown,unknown,flat,,22900000
Казань,Ново-Савиновский,Козья слобода,52.29,,,2,25,28,unknown,unknown,flat,,23490000
Казань,Ново-Савиновский,Козья слобода,116,,,3,5,6,unknown,unknown,flat,,32000000
Казань,Ново-Савиновский,Козья слобода,91.12,,,3,6,21,unknown,unknown,flat,,33000000
Казань,Ново-Савиновский,Козья слобода,88.76,,,3,22,25,unknown,unknown,flat,,34990000
Казань,Ново-Савиновский,Кремлёвская,67.6,,,3,6,20,unknown,unknown,flat,,35000000
Казань,Ново-Савиновский,Козья слобода,122,,,3,6,10,unknown,unknown,flat,,51500000
Казань,Ново-Савиновский,Козья слобода,150,,,3,4,24,unknown,unknown,flat,,72542439
Казань,Приволжский,Площадь Тукая,11.3,,,0,5,5,unknown,unknown,flat,,2590000
Казань,Приволжский,Площадь Тукая,11.3,,,0,5,5,unknown,unknown,flat,,2590000
Казань,Приволжский,Площадь Тукая,12,,,0,5,5,unknown,unknown,flat,,2650000
Казань,Приволжский,Площадь Тукая,12,,,0,5,5,unknown,unknown,flat,,2650000
Казань,Приволжский,Горки,13.4,,,0,3,9,unknown,unknown,flat,,3200000
Казань,Приволжский,Площадь Тукая,17.5,,,0,5,5,unknown,unknown,flat,,3450000
Казань,Приволжский,Площадь Тукая,18,,,0,3,5,unknown,unknown,flat,,3600000
Казань,Приволжский,Проспект Победы,17.4,,,0,3,9,unknown,unknown,flat,,3800000
Казань,Приволжский,Проспект Победы,35.8,,,1,6,17,unknown,unknown,flat,,5799000
Казань,Приволжский,Проспект Победы,35.8,,,1,6,17,unknown,unknown,flat,,5799000
Казань,Приволжский,Дубравная,45,,,2,2,9,unknown,unknown,flat,,5800000
Казань,Приволжский,Проспект Победы,32.55,,,0,3,5,unknown,unknown,flat,,5900000
Казань,Приволжский,Проспект Победы,28.43,,,0,12,19,unknown,unknown,flat,,5999999
Казань,Приволжский,Проспект Победы,32.55,,,0,3,5,unknown,unknown,flat,,6110000
Казань,Приволжский,Проспект Победы,34.35,,,0,2,18,unknown,unknown,flat,,6200000
Казань,Приволжский,Проспект Победы,25.5,,,0,4,9,unknown,unknown,flat,,6200000
Казань,Приволжский,Проспект Победы,31,,,1,9,9,unknown,unknown,flat,,6350000
Казань,Приволжский,Проспект Победы,28.7,,,1,2,5,unknown,unknown,flat,,6400000
Казань,Приволжский,Проспект Победы,36.4,,,1,15,19,unknown,unknown,flat,,6500000
Казань,Приволжский,Горки,42.5,,,2,1,5,unknown,unknown,flat,,6599000
Казань,Приволжский,Горки,42.5,,,2,1,5,unknown,unknown,flat,,6599000
Казань,Приволжский,Проспект Победы,36.53,,,1,10,19,unknown,unknown,flat,,6800000
Казань,Приволжский,Проспект Победы,47.2,,,2,7,18,unknown,unknown,flat,,6890000
Казань,Приволжский,Проспект Победы,36.28,,,1,2,19,unknown,unknown,flat,,7100000
Казань,Приволжский,Проспект Победы,26.81,,,0,10,20,unknown,unknown,flat,,7200000
Казань,Приволжский,Проспект Победы,34.35,,,0,2,19,unknown,unknown,flat,,7300000
Казань,Приволжский,Суконная слобода,30,,,1,2,5,unknown,unknown,flat,,7750000
Казань,Приволжский,Суконная слобода,43.9,,,2,3,5,unknown,unknown,flat,,7850000
Казань,Приволжский,Площадь Тукая,38.6,,,1,4,12,unknown,unknown,flat,,7900000
Казань,Приволжский,Площадь Тукая,38.6,,,1,4,12,unknown,unknown,flat,,7900000
Казань,Приволжский,Суконная слобода,59,,,3,5,5,unknown,unknown,flat,,7999000
Казань,Приволжский,Проспект Победы,48.9,,,1,16,16,unknown,unknown,flat,,8000000
Казань,Приволжский,Проспект Победы,56.59,,,3,4,19,unknown,unknown,flat,,8000000
Казань,Приволжский,Дубравная,21.4,,,0,6,22,unknown,unknown,flat,,8136000
Казань,Приволжский,Суконная слобода,59,,,2,5,5,unknown,unknown,flat,,8600000
Казань,Приволжский,Площадь Тукая,35.1,,,1,11,18,unknown,unknown,flat,,8654200
Казань,Приволжский,Дубравная,39,,,1,16,16,unknown,unknown,flat,,8700000
Казань,Приволжский,Дубравная,39,,,1,16,16,unknown,unknown,flat,,8700000
Казань,Приволжский,Суконная слобода,29.99,,,0,3,24,unknown,unknown,flat,,8736986
Казань,Приволжский,Суконная слобода,32.5,,,1,2,5,unknown,unknown,flat,,8970000
Казань,Приволжский,Аметьево,58.6,,,3,2,5,unknown,unknown,flat,,9000000
Казань,Приволжский,Площадь Тукая,38.9,,,1,7,18,unknown,unknown,flat,,9060800
Казань,Приволжский,Горки,66.9,,,3,6,10,unknown,unknown,flat,,9199000
Казань,Приволжский,Проспект Победы,36.24,,,1,1,20,unknown,unknown,flat,,9200000
Казань,Приволжский,Суконная слобода,32.62,,,1,8,24,unknown,unknown,flat,,9473826
Казань,Приволжский,Суконная слобода,32.62,,,1,8,24,unknown,unknown,flat,,9473826
Казань,Приволжский,Горки,40,,,1,9,9,unknown,unknown,flat,,9500000
Казань,Приволжский,Проспект Победы,55.3,,,1,3,5,unknown,unknown,flat,,9500000
Казань,Приволжский,Проспект Победы,56.59,,,3,18,19,unknown,unknown,flat,,9600000
Казань,Приволжский,Проспект Победы,47.3,,,1,2,10,unknown,unknown,flat,,9700000
Казань,Приволжский,Проспект Победы,51.3,,,1,7,10,unknown,unknown,flat,,9800000
Казань,Приволжский,Дубравная,65.2,,,3,3,9,unknown,unknown,flat,,9900000
Казань,Приволжский,Дубравная,35.2,,,1,14,22,unknown,unknown,flat,,9996800
Казань,Приволжский,Проспект Победы,51.9,,,1,12,17,unknown,unknown,flat,,10000000
Казань,Приволжский,Проспект Победы,51.9,,,1,12,17,unknown,unknown,flat,,10000000
Казань,Приволжский,Проспект Победы,50.67,,,2,17,24,unknown,unknown,flat,,10200000
Казань,Приволжский,Дубравная,35.2,,,2,4,22,unknown,unknown,flat,,10290000
Казань,Приволжский,Проспект Победы,48.8,,,2,21,25,unknown,unknown,flat,,10300000
Казань,Приволжский,Горки,38.59,,,1,1,10,unknown,unknown,flat,,10500000
Казань,Приволжский,Горки,38.59,,,1,1,10,unknown,unknown,flat,,10500000
Казань,Приволжский,Площадь Тукая,52.6,,,2,3,18,unknown,unknown,flat,,10605000
Казань,Приволжский,Суконная слобода,20.9,,,0,11,15,unknown,unknown,flat,,10644370
Казань,Приволжский,Проспект Победы,61.1,,,1,1,5,unknown,unknown,flat,,10670000
Казань,Приволжский,Проспект Победы,47.71,,,1,1,20,unknown,unknown,flat,,11190000
Казань,Приволжский,Проспект Победы,50.2,,,2,2,14,unknown,unknown,flat,,11345200
Казань,Приволжский,Дубравная,63,,,3,8,10,unknown,unknown,flat,,11500000
Казань,Приволжский,Дубравная,63,,,3,8,10,unknown,unknown,flat,,11500000
Казань,Приволжский,Дубравная,62.1,,,3,6,9,unknown,unknown,flat,,11600000
Казань,Приволжский,Проспект Победы,54,,,2,18,19,unknown,unknown,flat,,11949000
Казань,Приволжский,Проспект Победы,54,,,2,18,19,unknown,unknown,flat,,11949000
Казань,Приволжский,Проспект Победы,59,,,2,3,14,unknown,unknown,flat,,12074500
Казань,Приволжский,Суконная слобода,32.1,,,1,2,15,unknown,unknown,flat,,12082440
Казань,Приволжский,Суконная слобода,32.1,,,1,2,15,unknown,unknown,flat,,12082440
Казань,Приволжский,Проспект Победы,59,,,2,9,14,unknown,unknown,flat,,12200800
Казань,Приволжский,Горки,43.5,,,1,5,9,unknown,unknown,flat,,12500000
Казань,Приволжский,Горки,43.5,,,1,5,9,unknown,unknown,flat,,12500000
Казань,Приволжский,Проспект Победы,70.33,,,2,2,20,unknown,unknown,flat,,12680000
Казань,Приволжский,Проспект Победы,73.7,,,2,3,5,unknown,unknown,flat,,12830000
Казань,Приволжский,Суконная слобода,52,,,2,6,10,unknown,unknown,flat,,12900000
Казань,Приволжский,Суконная слобода,52,,,2,6,10,unknown,unknown,flat,,12900000
Казань,Приволжский,Проспект Победы,63.2,,,3,4,14,unknown,unknown,flat,,12956000
Казань,Приволжский,Проспект Победы,68.16,,,2,4,20,unknown,unknown,flat,,13080000
Казань,Приволжский,Проспект Победы,80.7,,,2,9,10,unknown,unknown,flat,,13499000
Казань,Приволжский,Площадь Тукая,74.7,,,3,8,18,unknown,unknown,flat,,13595400
Казань,Приволжский,Горки,46.05,,,2,5,10,unknown,unknown,flat,,13650000
Казань,Приволжский,Суконная слобода,57.86,,,2,11,24,unknown,unknown,flat,,13674632
Казань,Приволжский,Суконная слобода,27.5,,,0,6,10,unknown,unknown,flat,,13900000
Казань,Приволжский,Проспект Победы,57.42,,,2,4,20,unknown,unknown,flat,,14150000
Казань,Приволжский,Горки,51.96,,,2,7,10,unknown,unknown,flat,,14300000
Казань,Приволжский,Проспект Победы,105.8,,,3,10,11,unknown,unknown,flat,,14600000
Казань,Приволжский,Горки,84.03,,,3,6,9,unknown,unknown,flat,,14773310
Казань,Приволжский,Дубравная,94.5,,,3,8,10,unknown,unknown,flat,,14799000
Казань,Приволжский,Дубравная,94.5,,,3,8,10,unknown,unknown,flat,,14999000
Казань,Приволжский,Проспект Победы,93.8,,,3,3,5,unknown,unknown,flat,,15240000
Казань,Приволжский,Проспект Победы,87.48,,,3,1,20,unknown,unknown,flat,,15610000
Казань,Приволжский,Суконная слобода,29.81,,,0,6,10,unknown,unknown,flat,,16182869
Казань,Приволжский,Дубравная,72.3,,,2,9,10,unknown,unknown,flat,,16300000
Казань,Приволжский,Суконная слобода,50.2,,,2,2,8,unknown,unknown,flat,,16761780
Казань,Приволжский,Дубравная,87.5,,,3,3,17,unknown,unknown,flat,,17500000
Казань,Приволжский,Суконная слобода,77.01,,,3,6,24,unknown,unknown,flat,,17902514
Казань,Приволжский,Горки,73.37,,,3,2,10,unknown,unknown,flat,,18290000
Казань,Приволжский,Горки,73.37,,,3,2,10,unknown,unknown,flat,,18470000
Казань,Приволжский,Горки,97,,,3,16,19,unknown,unknown,flat,,18750000
Казань,Приволжский,Проспект Победы,86.3,,,3,4,5,unknown,unknown,flat,,20500000
Казань,Приволжский,Суконная слобода,52.2,,,1,4,10,unknown,unknown,flat,,24000000
Казань,Приволжский,Суконная слобода,52.2,,,1,4,10,unknown,unknown,flat,,24000000
Казань,Приволжский,Суконная слобода,80.1,,,3,2,15,unknown,unknown,flat,,24150150
Казань,Приволжский,Суконная слобода,52.2,,,1,8,10,unknown,unknown,flat,,26100000
Казань,Приволжский,Суконная слобода,52.2,,,1,8,10,unknown,unknown,flat,,26100000
Казань,Приволжский,Суконная слобода,76.22,,,2,4,10,unknown,unknown,flat,,28963600
Казань,Приволжский,Аметьево,118.4,,,3,19,23,unknown,unknown,flat,,29100000
Казань,Приволжский,Суконная слобода,78.32,,,2,5,10,unknown,unknown,flat,,34372875
Казань,Советский,Суконная слобода,12.7,,,0,1,5,unknown,unknown,flat,,2450000
Казань,Советский,Суконная слобода,12.7,,,0,1,5,unknown,unknown,flat,,2450000
Казань,Советский,Суконная слобода,17.7,,,0,2,5,unknown,unknown,flat,,2500000
Казань,Советский,Суконная слобода,17.7,,,0,2,5,unknown,unknown,flat,,2500000
Казань,Советский,Суконная слобода,28,,,0,4,5,unknown,unknown,flat,,2690000
Казань,Советский,Суконная слобода,13,,,0,3,5,unknown,unknown,flat,,2700000
Казань,Советский,Суконная слобода,17.4,,,0,2,5,unknown,unknown,flat,,3250000
Казань,Советский,Суконная слобода,17.1,,,0,7,9,unknown,unknown,flat,,3350000
Казань,Советский,Суконная слобода,18.5,,,0,2,2,unknown,unknown,flat,,3750000
Казань,Советский,Горки,19.1,,,0,3,9,unknown,unknown,flat,,3900000
Казань,Советский,Суконная слобода,25,,,0,4,5,unknown,unknown,flat,,4800000
Казань,Советский,Дубравная,32,,,1,1,3,unknown,unknown,flat,,4899999
Казань,Советский,Суконная слобода,44.8,,,2,1,5,unknown,unknown,flat,,5450000
Казань,Советский,Суконная слобода,43.7,,,2,5,5,unknown,unknown,flat,,5500000
Казань,Советский,Суконная слобода,28.9,,,1,8,9,unknown,unknown,flat,,5590000
Казань,Советский,Суконная слобода,28.9,,,1,8,9,unknown,unknown,flat,,5590000
Казань,Советский,Суконная слобода,41.5,,,2,3,5,unknown,unknown,flat,,5600000
Казань,Советский,Суконная слобода,28.9,,,1,8,9,unknown,unknown,flat,,5690000
Казань,Советский,Суконная слобода,43.7,,,2,1,5,unknown,unknown,flat,,6000000
Казань,Советский,Аметьево,43.7,,,2,1,2,unknown,unknown,flat,,6150000
Казань,Советский,Суконная слобода,44,,,2,2,5,unknown,unknown,flat,,6255000
Казань,Советский,Горки,39.3,,,1,3,7,unknown,unknown,flat,,6499000
Казань,Советский,Горки,39.3,,,1,3,7,unknown,unknown,flat,,6499000
Казань,Советский,Суконная слобода,53,,,2,8,9,unknown,unknown,flat,,7150000
Казань,Советский,Аметьево,45,,,2,4,5,unknown,unknown,flat,,7299000
Казань,Советский,Аметьево,45,,,2,4,5,unknown,unknown,flat,,7299000
Казань,Советский,Аметьево,42.6,,,2,3,3,unknown,unknown,flat,,7500000
Казань,Советский,Аметьево,42.6,,,2,3,3,unknown,unknown,flat,,7500000
Казань,Советский,Проспект Победы,38.1,,,1,4,9,unknown,unknown,flat,,7500000
Казань,Советский,Проспект Победы,38.1,,,1,4,9,unknown,unknown,flat,,7500000
Казань,Советский,Горки,31.1,,,0,5,18,unknown,unknown,flat,,7550000
Казань,Советский,Суконная слобода,56.1,,,3,3,5,unknown,unknown,flat,,7650000
Казань,Советский,Суконная слобода,56.1,,,3,3,5,unknown,unknown,flat,,7650000
Казань,Советский,Суконная слобода,21.4,,,0,9,12,unknown,unknown,flat,,7734816
Казань,Советский,Горки,42,,,1,1,18,unknown,unknown,flat,,7800000
Казань,Советский,Суконная слобода,21.9,,,0,5,16,unknown,unknown,flat,,7824870
Казань,Советский,Суконная слобода,45,,,2,4,5,unknown,unknown,flat,,7890000
Казань,Советский,Суконная слобода,32,,,0,9,19,unknown,unknown,flat,,7900000
Казань,Советский,Суконная слобода,32,,,0,9,19,unknown,unknown,flat,,7900000
Казань,Советский,Суконная слобода,48.6,,,1,6,9,unknown,unknown,flat,,8100000
Казань,Советский,Суконная слобода,25.9,,,0,11,26,unknown,unknown,flat,,8123535
Казань,Советский,Проспект Победы,38.1,,,1,10,11,unknown,unknown,flat,,8350000
Казань,Советский,Дубравная,33.4,,,1,4,10,unknown,unknown,flat,,8499000
Казань,Советский,Горки,30.1,,,1,2,19,unknown,unknown,flat,,8550000
Казань,Советский,Суконная слобода,61,,,3,1,5,unknown,unknown,flat,,8590000
Казань,Советский,Суконная слобода,21.8,,,0,8,16,unknown,unknown,flat,,8696020
Казань,Советский,Горки,54.4,,,1,9,17,unknown,unknown,flat,,8800000
Казань,Советский,Горки,54.4,,,1,9,17,unknown,unknown,flat,,8800000
Казань,Советский,Суконная слобода,53.9,,,1,6,10,unknown,unknown,flat,,8890000
Казань,Советский,Горки,30.7,,,0,19,19,unknown,unknown,flat,,8900000
Казань,Советский,Проспект Победы,50.4,,,2,5,10,unknown,unknown,flat,,8900000
Казань,Советский,Проспект Победы,27.32,,,0,6,22,unknown,unknown,flat,,8933640
Казань,Советский,Суконная слобода,55.7,,,3,5,5,unknown,unknown,flat,,8950000
Казань,Советский,Суконная слобода,35.4,,,1,8,16,unknown,unknown,flat,,8955846
Казань,Советский,Суконная слобода,40.7,,,1,1,9,unknown,unknown,flat,,9000000
Казань,Советский,Суконная слобода,33.6,,,1,11,12,unknown,unknown,flat,,9059904
Казань,Советский,Суконная слобода,33.6,,,1,11,12,unknown,unknown,flat,,9059904
Казань,Советский,Горки,66.7,,,3,4,9,unknown,unknown,flat,,9150000
Казань,Советский,Горки,66.1,,,3,1,9,unknown,unknown,flat,,9150000
Казань,Советский,Суконная слобода,38,,,1,7,9,unknown,unknown,flat,,9200000
Казань,Советский,Суконная слобода,65.1,,,3,1,2,unknown,unknown,flat,,9400000
Казань,Советский,Горки,36.3,,,1,9,24,unknown,unknown,flat,,9490000
Казань,Советский,Суконная слобода,35.5,,,1,2,16,unknown,unknown,flat,,9727000
Казань,Советский,Дубравная,30.4,,,0,5,25,unknown,unknown,flat,,9760060
Казань,Советский,Суконная слобода,50.2,,,2,8,19,unknown,unknown,flat,,9900000
Казань,Советский,Горки,28.7,,,0,13,23,unknown,unknown,flat,,9914000
Казань,Советский,Суконная слобода,38.04,,,1,2,13,unknown,unknown,flat,,9948000
Казань,Советский,Горки,28.15,,,0,18,23,unknown,unknown,flat,,10018039
Казань,Советский,Дубравная,48,,,2,8,16,unknown,unknown,flat,,10390000
Казань,Советский,Дубравная,48,,,2,8,16,unknown,unknown,flat,,10390000
Казань,Советский,Горки,30.14,,,0,10,22,unknown,unknown,flat,,10484547
Казань,Советский,Суконная слобода,65,,,3,5,10,unknown,unknown,flat,,10500000
Казань,Советский,Горки,43.06,,,1,2,23,unknown,unknown,flat,,10510946
Казань,Советский,Горки,43.06,,,1,2,23,unknown,unknown,flat,,10510946
Казань,Советский,Суконная слобода,56.2,,,2,2,26,unknown,unknown,flat,,10566162
Казань,Советский,Горки,43.33,,,1,2,19,unknown,unknown,flat,,10690000
Казань,Советский,Горки,33.48,,,0,9,23,unknown,unknown,flat,,10782635
Казань,Советский,Горки,37.5,,,1,5,23,unknown,unknown,flat,,10800000
Казань,Советский,Горки,40.28,,,1,15,25,unknown,unknown,flat,,10800000
Казань,Советский,Горки,37.1,,,1,5,19,unknown,unknown,flat,,10800000
Казань,Советский,Дубравная,68.2,,,3,6,7,unknown,unknown,flat,,10849000
Казань,Советский,Горки,41.67,,,1,13,23,unknown,unknown,flat,,10850000
Казань,Советский,Суконная слобода,54.38,,,2,8,13,unknown,unknown,flat,,11090000
Казань,Советский,Горки,51.3,,,2,10,17,unknown,unknown,flat,,11150000
Казань,Советский,Горки,36,,,2,22,24,unknown,unknown,flat,,11190000
Казань,Советский,Горки,31.5,,,1,7,19,unknown,unknown,flat,,11200000
Казань,Советский,Горки,38.6,,,0,2,23,unknown,unknown,flat,,11429899
Казань,Советский,Дубравная,52.7,,,2,23,25,unknown,unknown,flat,,11435900
Казань,Советский,Суконная слобода,35,,,1,17,22,unknown,unknown,flat,,11499000
Казань,Советский,Суконная слобода,35,,,1,17,22,unknown,unknown,flat,,11499000
Казань,Советский,Горки,69,,,3,6,10,unknown,unknown,flat,,11500000
Казань,Советский,Суконная слобода,44.4,,,1,8,10,unknown,unknown,flat,,11500000
Казань,Советский,Горки,38.6,,,0,2,23,unknown,unknown,flat,,11544483
Казань,Советский,Суконная слобода,37,,,1,6,10,unknown,unknown,flat,,11549000
Казань,Советский,Проспект Победы,40.6,,,1,24,26,unknown,unknown,flat,,11800000
Казань,Советский,Проспект Победы,40.6,,,1,24,26,unknown,unknown,flat,,11800000
Казань,Советский,Горки,53.1,,,2,2,19,unknown,unknown,flat,,11890000
Казань,Советский,Горки,45.36,,,1,6,23,unknown,unknown,flat,,12422373
Казань,Советский,Аметьево,58.4,,,3,17,19,unknown,unknown,flat,,12490000
Казань,Советский,Суконная слобода,54.4,,,2,4,12,unknown,unknown,flat,,12500000
Казань,Советский,Суконная слобода,67,,,2,2,26,unknown,unknown,flat,,12729330
Казань,Советский,Горки,44.74,,,1,10,23,unknown,unknown,flat,,12733275
Казань,Советский,Дубравная,52.56,,,3,2,25,unknown,unknown,flat,,12815663
Казань,Советский,Суконная слобода,63.6,,,2,3,10,unknown,unknown,flat,,12930516
Казань,Советский,Суконная слобода,62.9,,,2,9,14,unknown,unknown,flat,,13600000
Казань,Советский,Горки,58.41,,,2,8,23,unknown,unknown,flat,,13610000
Казань,Советский,Суконная слобода,74.27,,,3,2,13,unknown,unknown,flat,,13850000
Казань,Советский,Суконная слобода,74.27,,,3,2,13,unknown,unknown,flat,,13850000
Казань,Советский,Горки,56.64,,,1,8,25,unknown,unknown,flat,,13933440
Казань,Советский,Горки,56.64,,,1,8,25,unknown,unknown,flat,,13933440
Казань,Советский,Горки,56,,,2,10,23,unknown,unknown,flat,,13968000
Казань,Советский,Суконная слобода,30.88,,,0,2,20,unknown,unknown,flat,,14050400
Казань,Советский,Горки,52.5,,,2,7,9,unknown,unknown,flat,,14300000
Казань,Советский,Суконная слобода,86.2,,,3,5,16,unknown,unknown,flat,,14588057
Казань,Советский,Суконная слобода,80,,,3,4,26,unknown,unknown,flat,,14781600
Казань,Советский,Проспект Победы,116,,,3,10,10,unknown,unknown,flat,,14790000
Казань,Советский,Проспект Победы,116,,,3,10,10,unknown,unknown,flat,,14790000
Казань,Советский,Дубравная,83.8,,,3,5,9,unknown,unknown,flat,,14990000
Казань,Советский,Горки,61.29,,,2,6,22,unknown,unknown,flat,,15096088
Казань,Советский,Горки,56.3,,,2,3,22,unknown,unknown,flat,,15390000
Казань,Советский,Суконная слобода,47.8,,,1,4,20,unknown,unknown,flat,,15500000
Казань,Советский,Суконная слобода,86,,,3,6,19,unknown,unknown,flat,,15750000
Казань,Советский,Горки,63.1,,,2,4,17,unknown,unknown,flat,,15920130
Казань,Советский,Горки,63.1,,,2,4,17,unknown,unknown,flat,,15920130
Казань,Советский,Дубравная,63.87,,,3,25,25,unknown,unknown,flat,,15926119
Казань,Советский,Суконная слобода,119,,,3,5,6,unknown,unknown,flat,,16199000
Казань,Советский,Суконная слобода,97.7,,,3,9,16,unknown,unknown,flat,,16284636
Казань,Советский,Горки,65.92,,,3,8,14,unknown,unknown,flat,,16329138
Казань,Советский,Горки,77.83,,,3,3,23,unknown,unknown,flat,,16700000
Казань,Советский,Суконная слобода,63.4,,,3,17,19,unknown,unknown,flat,,17000000
Казань,Советский,Суконная слобода,39.52,,,1,2,20,unknown,unknown,flat,,17191200
Казань,Советский,Суконная слобода,92.9,,,3,6,16,unknown,unknown,flat,,17353720
Казань,Советский,Суконная слобода,56,,,2,21,23,unknown,unknown,flat,,17500000
Казань,Советский,Горки,83.62,,,3,6,23,unknown,unknown,flat,,17950000
Казань,Советский,Горки,85.2,,,3,2,23,unknown,unknown,flat,,19766400
Казань,Советский,Горки,78.19,,,3,17,22,unknown,unknown,flat,,20282301
Казань,Советский,Горки,94.9,,,3,4,25,unknown,unknown,flat,,20384520
Казань,Советский,Горки,89.63,,,3,9,14,unknown,unknown,flat,,21363692
Казань,Советский,Суконная слобода,95.1,,,3,19,22,unknown,unknown,flat,,21500000
Казань,Советский,Суконная слобода,77,,,3,19,22,unknown,unknown,flat,,22000000
Казань,Советский,Суконная слобода,77,,,3,19,22,unknown,unknown,flat,,22000000
Казань,Советский,Аметьево,97,,,3,10,26,unknown,unknown,flat,,22499000
Казань,Советский,Суконная слобода,73.46,,,2,6,20,unknown,unknown,flat,,22919520
Казань,Советский,Суконная слобода,132.1,,,3,6,8,unknown,unknown,flat,,23200000
Казань,Советский,Суконная слобода,73.35,,,3,19,20,unknown,unknown,flat,,24205500
Казань,Советский,Суконная слобода,128.3,,,3,7,8,unknown,unknown,flat,,27000000
Казань,Советский,Суконная слобода,84.1,,,2,2,9,unknown,unknown,flat,,30276000
Казань,Советский,Суконная слобода,139,,,3,3,9,unknown,unknown,flat,,56990000
Москва,unknown,Крёкшино,33.56,,,1,4,7,unknown,unknown,flat,,5800000
Москва,unknown,Троицк,35,,,0,3,3,unknown,unknown,flat,,5950000
Москва,unknown,Апрелевка,36.8,,,1,3,3,unknown,unknown,flat,,6670000
Москва,unknown,Филатов Луг,26.7,,,0,3,15,unknown,unknown,flat,,7500000
Москва,unknown,Коммунарка,20.6,,,0,2,17,unknown,unknown,flat,,7800000
Москва,unknown,Санино,24.6,,,0,2,7,unknown,unknown,flat,,8450000
Москва,unknown,Остафьево,26.8,,,0,7,14,unknown,unknown,flat,,8500000
Москва,unknown,Апрелевка,35.4,,,1,3,3,unknown,unknown,flat,,8600000
Москва,unknown,Корниловская,19.8,,,0,5,17,unknown,unknown,flat,,8750000
Москва,unknown,Троицк,35.2,,,1,2,12,unknown,unknown,flat,,8900000
Москва,unknown,Силикатная,33.5,,,1,2,15,unknown,unknown,flat,,8990000
Москва,unknown,Троицк,36.2,,,1,5,16,unknown,unknown,flat,,9500000
Москва,unknown,Коммунарка,20.3,,,0,2,16,unknown,unknown,flat,,9800000
Москва,unknown,Ольховая,26.7,,,0,3,15,unknown,unknown,flat,,9888000
Москва,unknown,Ольховая,22.3,,,0,12,15,unknown,unknown,flat,,10000000
Москва,unknown,Потапово,21.6,,,0,7,14,unknown,unknown,flat,,10100000
Москва,unknown,Рассказовка,35,,,1,7,12,unknown,unknown,flat,,10100000
Москва,unknown,Филатов Луг,37.8,,,1,2,4,unknown,unknown,flat,,10250000
Москва,unknown,Мичуринец,21.6,,,0,4,17,unknown,unknown,flat,,10490509
Москва,unknown,Филатов Луг,19.7,,,0,13,22,unknown,unknown,flat,,10500000
Москва,unknown,Филатов Луг,19.7,,,0,13,22,unknown,unknown,flat,,10500000
Москва,unknown,Филатов Луг,35.3,,,1,4,14,unknown,unknown,flat,,10600000
Москва,unknown,Филатов Луг,35.1,,,1,17,22,unknown,unknown,flat,,10750000
Москва,unknown,Коммунарка,31.4,,,1,16,22,unknown,unknown,flat,,10800000
Москва,unknown,Потапово,33,,,1,8,12,unknown,unknown,flat,,11000000
Москва,unknown,Рассказовка,38.5,,,2,1,17,unknown,unknown,flat,,11100000
Москва,unknown,Кедровая,37.3,,,1,4,17,unknown,unknown,flat,,11350000
Москва,unknown,Санино,31,,,1,4,7,unknown,unknown,flat,,11700000
Москва,unknown,Щербинка,37,,,1,11,14,unknown,unknown,flat,,11700000
Москва,unknown,Рассказовка,32,,,0,5,25,unknown,unknown,flat,,11790000
Москва,unknown,Силикатная,34,,,1,9,13,unknown,unknown,flat,,11990000
Москва,unknown,Щербинка,34.4,,,1,13,17,unknown,unknown,flat,,11990000
Москва,unknown,Корниловская,32.9,,,1,5,16,unknown,unknown,flat,,12000000
Москва,unknown,Силикатная,44.9,,,1,13,15,unknown,unknown,flat,,12000000
Москва,unknown,Коммунарка,32.7,,,1,10,17,unknown,unknown,flat,,12200000
Москва,unknown,Потапово,22,,,0,10,16,unknown,unknown,flat,,12300000
Москва,unknown,Потапово,36.6,,,1,2,14,unknown,unknown,flat,,12500000
Москва,unknown,Остафьево,60.9,,,2,11,18,unknown,unknown,flat,,12650000
Москва,unknown,Корниловская,37.1,,,1,10,18,unknown,unknown,flat,,12800000
Москва,unknown,Потапово,41.3,,,1,3,3,unknown,unknown,flat,,13999999
Москва,unknown,Потапово,41.3,,,1,3,4,unknown,unknown,flat,,14000000
Москва,unknown,Мичуринец,39.8,,,2,7,17,unknown,unknown,flat,,14494701
Москва,unknown,Щербинка,61.6,,,2,2,17,unknown,unknown,flat,,14500000
Москва,unknown,Говорово,34.3,,,1,9,25,unknown,unknown,flat,,14750000
Москва,unknown,Коммунарка,64.1,,,3,1,9,unknown,unknown,flat,,16100000
Москва,unknown,Павшино,32.02,,,0,1,10,unknown,unknown,flat,,24841116
Москва,unknown,Павшино,47,,,1,2,10,unknown,unknown,flat,,25582100
Москва,unknown,Павшино,74.58,,,2,4,10,unknown,unknown,flat,,39251454
Москва,Академический,Крымская,33,,,1,4,5,unknown,unknown,flat,,14700000
Москва,Алексеевский,ВДНХ,35,,,1,1,12,unknown,unknown,flat,,14300000
Москва,Алексеевский,ВДНХ,28.01,,,0,3,17,unknown,unknown,flat,,21329279
Москва,Алексеевский,ВДНХ,56.24,,,2,3,24,unknown,unknown,flat,,34540302
Москва,Алексеевский,Алексеевская,78.8,,,3,2,8,unknown,unknown,flat,,38900000
Москва,Алексеевский,Алексеевская,69,,,2,13,30,unknown,unknown,flat,,39890000
Москва,Алексеевский,ВДНХ,83.11,,,3,3,17,unknown,unknown,flat,,49507463
Москва,Арбат,Смоленская,46,,,2,3,5,unknown,unknown,flat,,28400000
Москва,Арбат,Смоленская,83,,,3,7,8,unknown,unknown,flat,,55000000
Москва,Арбат,Баррикадная,83,,,2,3,5,unknown,unknown,flat,,85000000
Москва,Арбат,Смоленская,133.4,,,3,4,8,unknown,unknown,flat,,125000000
Москва,Арбат,Арбатская,156.4,,,3,4,7,unknown,unknown,flat,,154990000
Москва,Арбат,Арбатская,160,,,3,4,7,unknown,unknown,flat,,154990000
Москва,Арбат,Арбатская,78.34,,,1,3,7,unknown,unknown,flat,,207601000
Москва,Арбат,Арбатская,78.34,,,1,3,7,unknown,unknown,flat,,207601000
Москва,Арбат,Арбатская,78.34,,,1,3,7,unknown,unknown,flat,,207601000
Москва,Арбат,Арбатская,96.85,,,1,2,7,unknown,unknown,flat,,232440000
Москва,Арбат,Арбатская,186.1,,,3,6,8,unknown,unknown,flat,,334980000
Москва,Арбат,Арбатская,142.38,,,2,2,7,unknown,unknown,flat,,355950000
Москва,Арбат,Арбатская,198.51,,,3,2,7,unknown,unknown,flat,,496275000
Москва,Аэропорт,Красный Балтиец,61.7,,,2,7,22,unknown,unknown,flat,,37784366
Москва,Аэропорт,Аэропорт,42.1,,,1,3,20,unknown,unknown,flat,,42487320
Москва,Аэропорт,Аэропорт,90.2,,,2,2,11,unknown,unknown,flat,,70906220
Москва,Аэропорт,Аэропорт,75,,,3,3,20,unknown,unknown,flat,,71467500
Москва,Бабушкинский,Свиблово,31.2,,,1,4,5,unknown,unknown,flat,,12500000
Москва,Басманный,Красные ворота,11,,,0,4,4,unknown,unknown,flat,,8999000
Москва,Басманный,Бауманская,60,,,3,3,12,unknown,unknown,flat,,34000000
Москва,Басманный,Бауманская,74.3,,,2,23,27,unknown,unknown,flat,,47527700
Москва,Басманный,Красные ворота,110.2,,,2,2,7,unknown,unknown,flat,,103500000
Москва,Басманный,Красные ворота,110.2,,,2,2,7,unknown,unknown,flat,,103500000
Москва,Басманный,Бауманская,116.5,,,3,20,20,unknown,unknown,flat,,118880000
Москва,Басманный,Чистые пруды,110,,,3,3,5,unknown,unknown,flat,,143000000
Москва,Беговой,Белорусская,28.5,,,0,11,36,unknown,unknown,flat,,28925904
Москва,Беговой,Белорусская,36.4,,,1,4,41,unknown,unknown,flat,,38705430
Москва,Беговой,Белорусская,63,,,1,3,24,unknown,unknown,flat,,55000000
Москва,Беговой,Белорусская,92.2,,,3,20,36,unknown,unknown,flat,,84637387
Москва,Бескудниковский,Селигерская,38.9,,,1,14,17,unknown,unknown,flat,,14880000
Москва,Бескудниковский,Яхромская,58.2,,,2,5,17,unknown,unknown,flat,,20500000
Москва,Бескудниковский,Яхромская,58,,,2,8,24,unknown,unknown,flat,,21990000
Москва,Бескудниковский,Яхромская,60.4,,,2,13,14,unknown,unknown,flat,,22000000
Москва,Бибирево,Бибирево,39,,,1,10,12,unknown,unknown,flat,,14000000
Москва,Богородское,Бульвар Рокоссовского,44.5,,,2,3,9,unknown,unknown,flat,,15950000
Москва,Богородское,Преображенская площадь,84,,,3,7,9,unknown,unknown,flat,,30995000
Москва,Бутырский,Бутырская,24.53,,,0,4,46,unknown,unknown,flat,,17064752
Москва,Бутырский,Бутырская,58.13,,,2,3,46,unknown,unknown,flat,,29797321
Москва,Вешняки,Новогиреево,49.2,,,3,1,9,unknown,unknown,flat,,13200000
Москва,Войковский,Войковская,33.1,,,1,1,12,unknown,unknown,flat,,13300000
Москва,Восточное Дегунино,Бескудниково,34.5,,,1,8,9,unknown,unknown,flat,,12600000
Москва,Восточное Измайлово,Первомайская,15.4,,,1,5,6,unknown,unknown,flat,,8350000
Москва,Выхино-Жулебино,Выхино,18.8,,,0,8,10,unknown,unknown,flat,,8900000
Москва,Выхино-Жулебино,Юго-Восточная,33,,,1,3,9,unknown,unknown,flat,,10950000
Москва,Гагаринский,Воробьёвы горы,27.9,,,1,4,9,unknown,unknown,flat,,18200000
Москва,Гольяново,Щёлковская,35,,,0,1,9,unknown,unknown,flat,,12000000
Москва,Гольяново,Щёлковская,38.8,,,1,1,12,unknown,unknown,flat,,13000000
Москва,Гольяново,Щёлковская,37.6,,,1,5,14,unknown,unknown,flat,,13500000
Москва,Гольяново,Щёлковская,37.6,,,1,5,14,unknown,unknown,flat,,13500000
Москва,Даниловский,Павелецкая,29.3,,,0,2,43,unknown,unknown,flat,,18727247
Москва,Даниловский,Павелецкая,26.6,,,1,7,37,unknown,unknown,flat,,20678840
Москва,Даниловский,Тульская,28.3,,,0,11,42,unknown,unknown,flat,,22266440
Москва,Даниловский,ЗИЛ,31.6,,,0,6,15,unknown,unknown,flat,,24200000
Москва,Даниловский,ЗИЛ,36,,,0,10,16,unknown,unknown,flat,,26400000
Москва,Даниловский,Павелецкая,35.7,,,2,7,43,unknown,unknown,flat,,27149850
Москва,Даниловский,Тульская,37.5,,,1,16,41,unknown,unknown,flat,,28278750
Москва,Даниловский,Павелецкая,25.7,,,0,6,26,unknown,unknown,flat,,28313433
Москва,Даниловский,Тульская,37.5,,,1,16,41,unknown,unknown,flat,,28391250
Москва,Даниловский,Павелецкая,64.6,,,3,2,37,unknown,unknown,flat,,37306500
Москва,Даниловский,Павелецкая,64.6,,,3,2,37,unknown,unknown,flat,,37306500
Москва,Даниловский,Павелецкая,51.5,,,2,13,24,unknown,unknown,flat,,38500000
Москва,Даниловский,Тульская,57.2,,,2,23,41,unknown,unknown,flat,,39599560
Москва,Даниловский,Тульская,87,,,3,23,42,unknown,unknown,flat,,56236800
Москва,Даниловский,Тульская,87,,,3,23,42,unknown,unknown,flat,,56236800
Москва,Даниловский,Павелецкая,70.5,,,3,4,39,unknown,unknown,flat,,63856080
Москва,Даниловский,Павелецкая,55.8,,,1,3,11,unknown,unknown,flat,,64627560
Москва,Даниловский,Павелецкая,91.1,,,2,3,11,unknown,unknown,flat,,99854710
Москва,Даниловский,Павелецкая,152.1,,,3,3,11,unknown,unknown,flat,,174397860
Москва,Даниловский,Павелецкая,152.1,,,3,3,11,unknown,unknown,flat,,174397860
Москва,Дмитровский,Яхромская,35.1,,,1,14,16,unknown,unknown,flat,,15800000
Москва,Донской,Ленинский проспект,46.5,,,1,2,18,unknown,unknown,flat,,44291250
Москва,Донской,Ленинский проспект,46.5,,,2,2,18,unknown,unknown,flat,,44291250
Москва,Донской,Ленинский проспект,84.8,,,3,3,18,unknown,unknown,flat,,75548320
Москва,Дорогомилово,Москва-Сити,57,,,2,4,7,unknown,unknown,flat,,33900000
Москва,Дорогомилово,Парк Победы,57.3,,,2,10,11,unknown,unknown,flat,,44930000
Москва,Дорогомилово,Киевская,100,,,3,5,9,unknown,unknown,flat,,47000000
Москва,Дорогомилово,Киевская,100,,,3,5,9,unknown,unknown,flat,,47000000
Москва,Дорогомилово,Поклонная,52,,,2,14,34,unknown,unknown,flat,,49500000
Москва,Дорогомилово,Поклонная,52,,,2,14,34,unknown,unknown,flat,,49500000
Москва,Дорогомилово,Студенческая,78,,,3,5,6,unknown,unknown,flat,,55999999
Москва,Дорогомилово,Киевская,84.2,,,3,8,9,unknown,unknown,flat,,66900000
Москва,Дорогомилово,Кутузовская,80,,,2,5,9,unknown,unknown,flat,,69900000
Москва,Дорогомилово,Москва-Сити,48.1,,,1,12,18,unknown,unknown,flat,,71859594
Москва,Дорогомилово,Парк Победы,64.75,,,2,9,11,unknown,unknown,flat,,75000000
Москва,Дорогомилово,Москва-Сити,48.3,,,1,11,19,unknown,unknown,flat,,82863480
Москва,Дорогомилово,Москва-Сити,48.3,,,1,11,19,unknown,unknown,flat,,82863480
Москва,Дорогомилово,Парк Победы,102,,,3,5,11,unknown,unknown,flat,,109000000
Москва,Дорогомилово,Москва-Сити,90.4,,,2,3,17,unknown,unknown,flat,,131721840
Москва,Дорогомилово,Парк Победы,102,,,3,8,10,unknown,unknown,flat,,135000000
Москва,Дорогомилово,Парк Победы,115.7,,,3,5,13,unknown,unknown,flat,,137000000
Москва,Дорогомилово,Москва-Сити,115.6,,,3,11,18,unknown,unknown,flat,,160625602
Москва,Дорогомилово,Москва-Сити,115.6,,,3,11,18,unknown,unknown,flat,,160625602
Москва,Дорогомилово,Москва-Сити,132.8,,,3,5,7,unknown,unknown,flat,,185455200
Москва,Замоскворечье,Павелецкая,35.85,,,0,4,24,unknown,unknown,flat,,24158286
Москва,Замоскворечье,Серпуховская,65,,,2,5,7,unknown,unknown,flat,,50400000
Москва,Замоскворечье,Павелецкая,50.2,,,1,3,8,unknown,unknown,flat,,52308000
Москва,Замоскворечье,Павелецкая,73.7,,,2,4,8,unknown,unknown,flat,,82791400
Москва,Замоскворечье,Новокузнецкая,54.9,,,1,8,19,unknown,unknown,flat,,84161700
Москва,Замоскворечье,Павелецкая,55.65,,,1,2,6,unknown,unknown,flat,,96239999
Москва,Замоскворечье,Новокузнецкая,78,,,2,10,24,unknown,unknown,flat,,113568000
Москва,Замоскворечье,Павелецкая,112.2,,,3,5,27,unknown,unknown,flat,,120266200
Москва,Замоскворечье,Новокузнецкая,105.8,,,3,3,19,unknown,unknown,flat,,149072200
Москва,Замоскворечье,Новокузнецкая,73.6,,,2,2,6,unknown,unknown,flat,,184100000
Москва,Замоскворечье,Павелецкая,106.49,,,2,2,6,unknown,unknown,flat,,184161680
Москва,Замоскворечье,Павелецкая,140.4,,,3,2,16,unknown,unknown,flat,,247612977
Москва,Замоскворечье,Павелецкая,140.4,,,3,2,16,unknown,unknown,flat,,247612977
Москва,Западное Дегунино,Верхние Лихоборы,52,,,2,32,33,unknown,unknown,flat,,25500000
Москва,Западное Дегунино,Селигерская,63.34,,,2,8,39,unknown,unknown,flat,,26856413
Москва,Измайлово,Измайловская,35,,,1,5,14,unknown,unknown,flat,,13500000
Москва,Измайлово,Измайловская,44,,,1,16,16,unknown,unknown,flat,,18300000
Москва,Киевское шоссе,Ольховая,24,,,0,10,15,unknown,unknown,flat,,10500000
Москва,Коньково,Беляево,12.76,,,0,1,9,unknown,unknown,flat,,7000000
Москва,Коньково,Калужская,23.5,,,0,11,51,unknown,unknown,flat,,14000000
Москва,Коньково,Калужская,23.5,,,0,11,51,unknown,unknown,flat,,14000000
Москва,Коньково,Беляево,75,,,3,5,17,unknown,unknown,flat,,30000000
Москва,Коптево,Коптево,40.6,,,1,3,18,unknown,unknown,flat,,17350000
Москва,Коптево,Лихоборы,40,,,1,18,18,unknown,unknown,flat,,17800000
Москва,Котловка,Крымская,42.5,,,2,21,42,unknown,unknown,flat,,23500000
Москва,Красносельский,Площадь трёх вокзалов,45,,,2,4,14,unknown,unknown,flat,,22150000
Москва,Красносельский,Тургеневская,231,,,3,5,5,unknown,unknown,flat,,443214499
Москва,Кунцево,Павшино,22,,,0,18,25,unknown,unknown,flat,,11550000
Москва,Кунцево,Молодёжная,36.7,,,2,3,12,unknown,unknown,flat,,18100000
Москва,Кунцево,Кунцевская,54.43,,,2,2,12,unknown,unknown,flat,,29985487
Москва,Кунцево,Кунцевская,72.3,,,3,15,30,unknown,unknown,flat,,39417960
Москва,Левобережный,Беломорская,28.1,,,0,12,20,unknown,unknown,flat,,17555288
Москва,Лефортово,Москва-Товарная,30,,,0,3,3,unknown,unknown,flat,,18100000
Москва,Лефортово,Серп и Молот,28.8,,,0,12,17,unknown,unknown,flat,,19958400
Москва,Лефортово,Авиамоторная,57,,,3,24,28,unknown,unknown,flat,,24914700
Москва,Лефортово,Серп и Молот,63.5,,,2,2,28,unknown,unknown,flat,,35045650
Москва,Лефортово,Серп и Молот,72.9,,,3,4,28,unknown,unknown,flat,,40051260
Москва,Лианозово,Алтуфьево,38,,,1,6,22,unknown,unknown,flat,,15750000
Москва,Ломоносовский,Профсоюзная,60,,,2,4,27,unknown,unknown,flat,,36000000
Москва,Лосиноостровский,Бабушкинская,30,,,1,2,5,unknown,unknown,flat,,14200000
Москва,Люблино,Люблино,36.5,,,1,20,24,unknown,unknown,flat,,12500000
Москва,Люблино,Люблино,53,,,1,10,14,unknown,unknown,flat,,13500000
Москва,Люблино,Люблино,51.4,,,2,8,12,unknown,unknown,flat,,13990000
Москва,Марфино,Фонвизинская,26.4,,,0,2,29,unknown,unknown,flat,,16341600
Москва,Марфино,Останкино,25,,,0,17,24,unknown,unknown,flat,,21500000
Москва,Марфино,Останкино,37,,,1,24,28,unknown,unknown,flat,,26500000
Москва,Марфино,Останкино,37,,,1,24,28,unknown,unknown,flat,,26500000
Москва,Марфино,Останкино,56.6,,,2,2,22,unknown,unknown,flat,,35000000
Москва,Марфино,Останкино,74,,,3,7,28,unknown,unknown,flat,,37300000
Москва,Марьина роща,Менделеевская,51,,,1,8,18,unknown,unknown,flat,,26300000
Москва,Марьино,Марьино,38.7,,,1,1,14,unknown,unknown,flat,,11150000
Москва,Марьино,Марьино,38.3,,,1,13,22,unknown,unknown,flat,,13600000
Москва,Марьино,Марьино,39,,,1,5,14,unknown,unknown,flat,,13700000
Москва,Метрогородок,Бульвар Рокоссовского,17.8,,,0,8,25,unknown,unknown,flat,,11200000
Москва,Метрогородок,Бульвар Рокоссовского,37.1,,,2,4,9,unknown,unknown,flat,,13500000
Москва,Мещанский,Сухаревская,50.4,,,2,2,10,unknown,unknown,flat,,25900000
Москва,Мещанский,Рижская,50,,,2,3,12,unknown,unknown,flat,,25999000
Москва,Мещанский,Рижская,50,,,2,3,12,unknown,unknown,flat,,25999000
Москва,Мещанский,Сухаревская,73.4,,,1,8,13,unknown,unknown,flat,,153773000
Москва,Мещанский,Сухаревская,86.6,,,2,8,13,unknown,unknown,flat,,170688600
Москва,Можайский,Сетунь,30.8,,,0,7,10,unknown,unknown,flat,,11200000
Москва,Можайский,Сетунь,37.5,,,1,7,12,unknown,unknown,flat,,12000000
Москва,Можайский,Сетунь,30.6,,,0,2,12,unknown,unknown,flat,,13000000
Москва,Можайский,Сетунь,30.6,,,0,2,12,unknown,unknown,flat,,13000000
Москва,Можайский,Давыдково,42,,,1,18,35,unknown,unknown,flat,,24161900
Москва,Можайский,Давыдково,51.28,,,2,31,52,unknown,unknown,flat,,25564362
Москва,Можайский,Давыдково,75.18,,,3,28,52,unknown,unknown,flat,,35530068
Москва,Можайский,Давыдково,98.8,,,3,21,22,unknown,unknown,flat,,68000000
Москва,Можайский,Рабочий посёлок,89,,,3,5,30,unknown,unknown,flat,,79000000
Москва,Молжаниновский,Молжаниново,23.2,,,0,5,15,unknown,unknown,flat,,11400000
Москва,Молжаниновский,Молжаниново,36.3,,,1,4,15,unknown,unknown,flat,,12800000
Москва,Москворечье-Сабурово,Варшавская,33.92,,,0,5,25,unknown,unknown,flat,,15000000
Москва,Москворечье-Сабурово,Москворечье,52.9,,,2,2,52,unknown,unknown,flat,,20370573
Москва,Москворечье-Сабурово,Варшавская,40.69,,,2,8,9,unknown,unknown,flat,,21923772
Москва,Нагатино-Садовники,Нагатинская,21,,,0,10,26,unknown,unknown,flat,,12600000
Москва,Нагатино-Садовники,Нагатинская,27.39,,,0,14,32,unknown,unknown,flat,,12800000
Москва,Нагатино-Садовники,Коломенская,25.5,,,0,33,33,unknown,unknown,flat,,14900000
Москва,Нагатинский затон,Технопарк,28.9,,,0,6,26,unknown,unknown,flat,,18857845
Москва,Нагатинский затон,Технопарк,58.3,,,2,17,24,unknown,unknown,flat,,34962486
Москва,Нагатинский затон,Технопарк,79.7,,,3,26,27,unknown,unknown,flat,,45493398
Москва,Нагатинский затон,Нагатинский Затон,86,,,3,3,19,unknown,unknown,flat,,51200000
Москва,Нагатинский затон,Нагатинский Затон,86,,,3,3,19,unknown,unknown,flat,,51200000
Москва,Нагатинский затон,Технопарк,73.3,,,2,17,24,unknown,unknown,flat,,53000000
Москва,Нагорный,Нагорная,39.4,,,1,4,28,unknown,unknown,flat,,22079760
Москва,Нижегородский,Нижегородская,23.46,,,0,20,28,unknown,unknown,flat,,14610993
Москва,Нижегородский,Нижегородская,34.7,,,1,22,45,unknown,unknown,flat,,16200000
Москва,Ново-Переделкино,Переделкино,35.8,,,1,4,17,unknown,unknown,flat,,12000000
Москва,Обручевский,Воронцовская,48.6,,,1,13,34,unknown,unknown,flat,,19564000
Москва,Обручевский,Воронцовская,30.1,,,1,32,34,unknown,unknown,flat,,21467109
Москва,Обручевский,Калужская,33.8,,,0,16,45,unknown,unknown,flat,,23223980
Москва,Обручевский,Воронцовская,45.2,,,2,32,34,unknown,unknown,flat,,28133632
Москва,Обручевский,Воронцовская,38.9,,,1,29,34,unknown,unknown,flat,,28416450
Москва,Обручевский,Воронцовская,38.2,,,1,5,25,unknown,unknown,flat,,30900000
Москва,Обручевский,Калужская,46.4,,,1,4,20,unknown,unknown,flat,,30920960
Москва,Обручевский,Калужская,46.7,,,1,11,20,unknown,unknown,flat,,31550520
Москва,Обручевский,Воронцовская,40.3,,,0,15,25,unknown,unknown,flat,,33500000
Москва,Обручевский,Воронцовская,60.1,,,3,27,34,unknown,unknown,flat,,40108441
Москва,Орехово-Борисово Южное,Зябликово,34.7,,,1,4,9,unknown,unknown,flat,,12312312
Москва,Орехово-Борисово Южное,Зябликово,51.2,,,2,15,17,unknown,unknown,flat,,15900000
Москва,Останкинский,Алексеевская,52.2,,,2,2,12,unknown,unknown,flat,,20500000
Москва,Отрадное,Отрадное,60.6,,,3,9,28,unknown,unknown,flat,,24846000
Москва,Очаково-Матвеевское,Давыдково,18.4,,,0,8,9,unknown,unknown,flat,,9450000
Москва,Очаково-Матвеевское,Очаково,20,,,0,6,33,unknown,unknown,flat,,12250000
Москва,Очаково-Матвеевское,Матвеевская,34.7,,,1,12,14,unknown,unknown,flat,,13200000
Москва,Очаково-Матвеевское,Очаково,20,,,0,30,33,unknown,unknown,flat,,13500000
Москва,Очаково-Матвеевское,Аминьевская,35.6,,,1,3,16,unknown,unknown,flat,,13500000
Москва,Очаково-Матвеевское,Аминьевская,35.9,,,0,3,12,unknown,unknown,flat,,14000000
Москва,Очаково-Матвеевское,Аминьевская,23.4,,,0,13,45,unknown,unknown,flat,,23000000
Москва,Очаково-Матвеевское,Давыдково,83.1,,,3,2,13,unknown,unknown,flat,,37253730
Москва,Перово,Шоссе Энтузиастов,19.9,,,0,22,23,unknown,unknown,flat,,12890000
Москва,Печатники,Кожуховская,24.4,,,0,4,4,unknown,unknown,flat,,12600000
Москва,Печатники,Депо,50.7,,,2,12,14,unknown,unknown,flat,,13500000
Москва,Покровское-Стрешнево,Волоколамская,26.5,,,0,3,44,unknown,unknown,flat,,13000000
Москва,Покровское-Стрешнево,Трикотажная,26.5,,,0,10,44,unknown,unknown,flat,,13200000
Москва,Покровское-Стрешнево,Трикотажная,35.2,,,0,43,44,unknown,unknown,flat,,14950000
Москва,Покровское-Стрешнево,Тушинская,22.4,,,0,12,28,unknown,unknown,flat,,16092160
Москва,Покровское-Стрешнево,Тушинская,27.6,,,0,2,28,unknown,unknown,flat,,16300000
Москва,Покровское-Стрешнево,Спартак,25.7,,,0,11,24,unknown,unknown,flat,,18000000
Москва,Покровское-Стрешнево,Спартак,45,,,1,5,13,unknown,unknown,flat,,28900000
Москва,Преображенское,Преображенская площадь,25,,,0,8,12,unknown,unknown,flat,,18600000
Москва,Преображенское,Преображенская площадь,25,,,0,8,12,unknown,unknown,flat,,18600000
Москва,Преображенское,Преображенская площадь,27.29,,,0,3,17,unknown,unknown,flat,,19219807
Москва,Преображенское,Преображенская площадь,60.65,,,2,2,17,unknown,unknown,flat,,30872264
Москва,Пресненский,Шелепиха,29.99,,,1,37,51,unknown,unknown,flat,,19013670
Москва,Пресненский,Улица 1905 года,49.7,,,2,1,4,unknown,unknown,flat,,24400000
Москва,Пресненский,Баррикадная,48.2,,,0,7,7,unknown,unknown,flat,,40000000
Москва,Пресненский,Шелепиха,94,,,3,3,51,unknown,unknown,flat,,41800000
Москва,Пресненский,Деловой центр,35.3,,,0,36,90,unknown,unknown,flat,,42998930
Москва,Пресненский,Улица 1905 года,35.9,,,0,5,11,unknown,unknown,flat,,43977500
Москва,Пресненский,Москва-Сити,47.9,,,1,60,67,unknown,unknown,flat,,48800000
Москва,Пресненский,Тверская,54.3,,,2,3,6,unknown,unknown,flat,,48870000
Москва,Пресненский,Тверская,54.3,,,2,3,6,unknown,unknown,flat,,48870000
Москва,Пресненский,Шелепиха,80,,,3,27,40,unknown,unknown,flat,,49350000
Москва,Пресненский,Шелепиха,80,,,3,27,40,unknown,unknown,flat,,49350000
Москва,Пресненский,Шелепиха,82,,,3,10,44,unknown,unknown,flat,,49700000
Москва,Пресненский,Шелепиха,83,,,3,11,51,unknown,unknown,flat,,49999000
Москва,Пресненский,Баррикадная,61,,,3,7,7,unknown,unknown,flat,,50500000
Москва,Пресненский,Москва-Сити,47.2,,,2,52,69,unknown,unknown,flat,,51920000
Москва,Пресненский,Шелепиха,82,,,2,37,41,unknown,unknown,flat,,52800000
Москва,Пресненский,Деловой центр,39,,,1,38,90,unknown,unknown,flat,,57996900
Москва,Пресненский,Москва-Сити,54.72,,,1,6,87,unknown,unknown,flat,,59136945
Москва,Пресненский,Краснопресненская,103.3,,,3,8,11,unknown,unknown,flat,,65500000
Москва,Пресненский,Москва-Сити,80,,,2,36,36,unknown,unknown,flat,,70000000
Москва,Пресненский,Москва-Сити,73.7,,,2,16,87,unknown,unknown,flat,,75058189
Москва,Пресненский,Улица 1905 года,73.7,,,2,8,11,unknown,unknown,flat,,76279500
Москва,Пресненский,Деловой центр,79,,,2,36,90,unknown,unknown,flat,,78565500
Москва,Пресненский,Улица 1905 года,70.3,,,3,2,17,unknown,unknown,flat,,83500000
Москва,Пресненский,Москва-Сити,83.3,,,2,52,69,unknown,unknown,flat,,91630000
Москва,Пресненский,Пушкинская,80,,,2,2,9,unknown,unknown,flat,,95000000
Москва,Пресненский,Пушкинская,80,,,2,2,9,unknown,unknown,flat,,95000000
Москва,Пресненский,Пушкинская,80,,,2,2,9,unknown,unknown,flat,,95000000
Москва,Пресненский,Пушкинская,80,,,2,2,9,unknown,unknown,flat,,95000000
Москва,Пресненский,Москва-Сити,99.56,,,3,14,87,unknown,unknown,flat,,99550289
Москва,Пресненский,Москва-Сити,84,,,3,6,21,unknown,unknown,flat,,105000000
Москва,Пресненский,Москва-Сити,92.7,,,3,11,20,unknown,unknown,flat,,115000000
Москва,Пресненский,Краснопресненская,50.2,,,1,2,8,unknown,unknown,flat,,116464000
Москва,Пресненский,Деловой центр,97.1,,,3,37,90,unknown,unknown,flat,,118471710
Москва,Пресненский,Улица 1905 года,84,,,2,4,17,unknown,unknown,flat,,120000000
Москва,Пресненский,Улица 1905 года,92,,,2,4,13,unknown,unknown,flat,,121000000
Москва,Пресненский,Улица 1905 года,91.4,,,2,4,21,unknown,unknown,flat,,121000000
Москва,Пресненский,Улица 1905 года,92,,,2,4,13,unknown,unknown,flat,,121000000
Москва,Пресненский,Улица 1905 года,91.4,,,2,4,21,unknown,unknown,flat,,121000000
Москва,Пресненский,Улица 1905 года,178,,,3,7,10,unknown,unknown,flat,,135000000
Москва,Пресненский,Улица 1905 года,178,,,3,7,10,unknown,unknown,flat,,138000000
Москва,Пресненский,Москва-Сити,125,,,3,63,82,unknown,unknown,flat,,138261000
Москва,Пресненский,Улица 1905 года,105,,,3,4,17,unknown,unknown,flat,,142000000
Москва,Пресненский,Улица 1905 года,103.6,,,3,5,21,unknown,unknown,flat,,145000000
Москва,Пресненский,Улица 1905 года,103.6,,,3,5,21,unknown,unknown,flat,,145000000
Москва,Пресненский,Пушкинская,117,,,2,12,12,unknown,unknown,flat,,181252970
Москва,Пресненский,Пушкинская,117,,,2,12,12,unknown,unknown,flat,,181252970
Москва,Пресненский,Москва-Сити,83.6,,,2,80,82,unknown,unknown,flat,,193080000
Москва,Пресненский,Краснопресненская,156.1,,,3,2,8,unknown,unknown,flat,,282541000
Москва,Проспект Вернадского,Проспект Вернадского,42.6,,,1,12,14,unknown,unknown,flat,,16234567
Москва,Проспект Вернадского,Проспект Вернадского,45.6,,,1,12,13,unknown,unknown,flat,,24800000
Москва,Проспект Вернадского,Новаторская,34.9,,,1,3,55,unknown,unknown,flat,,26118482
Москва,Проспект Вернадского,Проспект Вернадского,61.9,,,2,17,18,unknown,unknown,flat,,30000000
Москва,Раменки,Мичуринский проспект,23,,,1,11,49,unknown,unknown,flat,,18200000
Москва,Раменки,Аминьевская,26.3,,,0,12,54,unknown,unknown,flat,,19000000
Москва,Раменки,Аминьевская,37.4,,,0,9,42,unknown,unknown,flat,,21500000
Москва,Раменки,Минская,27,,,1,13,14,unknown,unknown,flat,,23500000
Москва,Раменки,Раменки,45.6,,,1,9,17,unknown,unknown,flat,,25900000
Москва,Раменки,Аминьевская,53,,,1,15,56,unknown,unknown,flat,,33500000
Москва,Раменки,Аминьевская,55.1,,,2,14,52,unknown,unknown,flat,,37600000
Москва,Раменки,Аминьевская,86,,,3,10,10,unknown,unknown,flat,,42900000
Москва,Раменки,Мичуринский проспект,73.8,,,2,36,49,unknown,unknown,flat,,46000000
Москва,Раменки,Мичуринский проспект,73.8,,,2,36,49,unknown,unknown,flat,,46000000
Москва,Раменки,Кутузовская,48,,,1,14,41,unknown,unknown,flat,,50000000
Москва,Раменки,Мичуринский проспект,103,,,2,46,51,unknown,unknown,flat,,55000000
Москва,Раменки,Кутузовская,58.6,,,2,7,41,unknown,unknown,flat,,59000000
Москва,Раменки,Поклонная,68.6,,,2,9,13,unknown,unknown,flat,,61000000
Москва,Раменки,Ломоносовский проспект,107,,,3,11,53,unknown,unknown,flat,,62000000
Москва,Раменки,Раменки,160,,,3,6,19,unknown,unknown,flat,,65500000
Москва,Раменки,Раменки,160,,,3,6,19,unknown,unknown,flat,,65500000
Москва,Раменки,Минская,92,,,3,12,14,unknown,unknown,flat,,65600000
Москва,Раменки,Поклонная,92.2,,,3,12,14,unknown,unknown,flat,,80000000
Москва,Раменки,Раменки,106.7,,,3,11,28,unknown,unknown,flat,,83000000
Москва,Раменки,Аминьевская,102.4,,,2,49,52,unknown,unknown,flat,,92000000
Москва,Раменки,Аминьевская,108.4,,,2,51,52,unknown,unknown,flat,,95000000
Москва,Раменки,Ломоносовский проспект,136.1,,,3,21,34,unknown,unknown,flat,,110000000
Москва,Раменки,Ломоносовский проспект,136.1,,,3,21,34,unknown,unknown,flat,,110000000
Москва,Раменки,Мичуринский проспект,85.7,,,3,6,12,unknown,unknown,flat,,124265000
Москва,Раменки,Поклонная,101,,,2,2,16,unknown,unknown,flat,,157000000
Москва,Раменки,Поклонная,99,,,3,2,16,unknown,unknown,flat,,157000000
Москва,Раменки,Поклонная,125,,,3,6,16,unknown,unknown,flat,,185000000
Москва,Раменки,Поклонная,125,,,3,6,16,unknown,unknown,flat,,185000000
Москва,Реновация Донской !!!3-комн. квартира,unknown,59,,,3,1,5,unknown,unknown,flat,,26000000
Москва,Рязанский,Плющево,32.6,,,1,4,5,unknown,unknown,flat,,12400000
Москва,Рязанский,Текстильщики,38,,,1,14,16,unknown,unknown,flat,,13500000
Москва,Савеловский,Петровский Парк,36,,,1,2,9,unknown,unknown,flat,,14600000
Москва,Савеловский,Петровский Парк,36,,,1,2,9,unknown,unknown,flat,,14600000
Москва,Савеловский,Петровский Парк,37,,,1,10,12,unknown,unknown,flat,,21100000
Москва,Савёлки,Зеленоград — Крюково,34.8,,,1,4,14,unknown,unknown,flat,,9950000
Москва,Свиблово,Свиблово,34.6,,,0,13,16,unknown,unknown,flat,,13000000
Москва,Свиблово,Свиблово,34.6,,,0,13,16,unknown,unknown,flat,,13000000
Москва,Свиблово,Ботанический сад,19.6,,,0,7,53,unknown,unknown,flat,,14300000
Москва,Свиблово,Свиблово,34,,,0,39,52,unknown,unknown,flat,,18950000
Москва,Свиблово,Ботанический сад,30.1,,,0,40,53,unknown,unknown,flat,,19550215
Москва,Свиблово,Ботанический сад,55,,,2,9,9,unknown,unknown,flat,,27900000
Москва,Северное Измайлово,Щёлковская,31.9,,,1,4,9,unknown,unknown,flat,,12700000
Москва,Сокол,Панфиловская,39,,,2,3,9,unknown,unknown,flat,,20950000
Москва,Сокол,Стрешнево,60,,,2,11,12,unknown,unknown,flat,,30800000
Москва,Соколиная гора,Измайлово,57.7,,,2,3,5,unknown,unknown,flat,,20900000
Москва,Сокольники,Рижская,33.54,,,0,26,49,unknown,unknown,flat,,18960128
Москва,Сокольники,Сокольники,28.1,,,0,15,24,unknown,unknown,flat,,19602560
Москва,Сокольники,Сокольники,49.8,,,2,2,24,unknown,unknown,flat,,26986620
Москва,Солнцево,Солнцево,21.4,,,0,6,24,unknown,unknown,flat,,10600000
Москва,Солнцево,Говорово,50.8,,,3,1,9,unknown,unknown,flat,,13500000
Москва,Строгино,Строгино,44,,,2,8,12,unknown,unknown,flat,,16600000
Москва,Таганский,Таганская,76.3,,,3,2,7,unknown,unknown,flat,,36500000
Москва,Таганский,Чкаловская,55.8,,,2,2,9,unknown,unknown,flat,,79800000
Москва,Таганский,Чкаловская,68.41,,,1,3,19,unknown,unknown,flat,,114347109
Москва,Тверской,Маяковская,54.8,,,2,5,9,unknown,unknown,flat,,36500000
Москва,Тверской,Цветной бульвар,68.6,,,2,4,5,unknown,unknown,flat,,37950000
Москва,Тверской,Маяковская,62,,,2,4,8,unknown,unknown,flat,,46000000
Москва,Тверской,Пушкинская,57,,,2,8,13,unknown,unknown,flat,,49500000
Москва,Тверской,Новослободская,90,,,3,9,13,unknown,unknown,flat,,62000000
Москва,Тверской,Белорусская,125,,,2,2,7,unknown,unknown,flat,,69900000
Москва,Тверской,Менделеевская,63.2,,,1,3,19,unknown,unknown,flat,,85831920
Москва,Тверской,Менделеевская,62.8,,,1,2,19,unknown,unknown,flat,,87034520
Москва,Тверской,Менделеевская,62.8,,,1,2,19,unknown,unknown,flat,,87034520
Москва,Тверской,Менделеевская,112.3,,,3,3,19,unknown,unknown,flat,,133648230
Москва,Тверской,Площадь Революции,111.8,,,1,3,5,unknown,unknown,flat,,368940000
Москва,Тверской,Площадь Революции,147.8,,,2,2,4,unknown,unknown,flat,,399060000
Москва,Тверской,Достоевская,171,,,3,7,7,unknown,unknown,flat,,400000000
Москва,Текстильщики,Текстильщики,29.5,,,0,2,40,unknown,unknown,flat,,14754868
Москва,Теплый Стан,Тёплый Стан,33,,,1,6,9,unknown,unknown,flat,,12500000
Москва,Теплый Стан,Тёплый Стан,51.8,,,2,12,17,unknown,unknown,flat,,17500000
Москва,Теплый Стан,Генерала Тюленева,60.7,,,3,6,12,unknown,unknown,flat,,21700000
Москва,Тимирязевский,Окружная,21.6,,,0,12,14,unknown,unknown,flat,,11400000
Москва,Тимирязевский,Окружная,20.9,,,0,5,19,unknown,unknown,flat,,12600000
Москва,Тимирязевский,Окружная,23.3,,,0,6,21,unknown,unknown,flat,,12800000
Москва,Тимирязевский,Петровско-Разумовская,39.1,,,1,21,22,unknown,unknown,flat,,19800000
Москва,Тропарево-Никулино,Озёрная,22,,,0,19,21,unknown,unknown,flat,,9799000
Москва,Тропарево-Никулино,Юго-Западная,44.5,,,2,8,9,unknown,unknown,flat,,18540000
Москва,Тропарево-Никулино,Юго-Западная,47,,,2,6,24,unknown,unknown,flat,,39800000
Москва,Филевский парк,Багратионовская,27,,,0,1,8,unknown,unknown,flat,,10500000
Москва,Филевский парк,Фили,74,,,3,11,26,unknown,unknown,flat,,43500000
Москва,Фили-Давыдково,Пионерская,39.6,,,2,9,12,unknown,unknown,flat,,21499000
Москва,Фили-Давыдково,Пионерская,39.6,,,2,9,12,unknown,unknown,flat,,21499000
Москва,Фили-Давыдково,Кунцевская,67.3,,,3,4,15,unknown,unknown,flat,,33000000
Москва,Фили-Давыдково,Кунцевская,64.4,,,2,6,25,unknown,unknown,flat,,60407200
Москва,Фили-Давыдково,Кунцевская,114.2,,,3,8,25,unknown,unknown,flat,,109403600
Москва,Хамовники,Боровицкая,138,,,3,3,8,unknown,unknown,flat,,155000000
Москва,Хамовники,Боровицкая,138,,,3,3,8,unknown,unknown,flat,,155000000
Москва,Хамовники,Киевская,65.3,,,2,3,4,unknown,unknown,flat,,169000000
Москва,Хамовники,Киевская,82.4,,,3,4,4,unknown,unknown,flat,,210805239
Москва,Хамовники,Парк Культуры,109.2,,,3,4,7,unknown,unknown,flat,,220000000
Москва,Хамовники,Парк Культуры,109.2,,,3,4,7,unknown,unknown,flat,,220000000
Москва,Хамовники,Спортивная,101,,,3,8,13,unknown,unknown,flat,,270000000
Москва,Хамовники,Спортивная,101,,,3,8,13,unknown,unknown,flat,,270000000
Москва,Хамовники,Фрунзенская,106.3,,,3,3,15,unknown,unknown,flat,,275000000
Москва,Хамовники,Фрунзенская,106.3,,,3,3,15,unknown,unknown,flat,,275000000
Москва,Хамовники,Парк Культуры,96,,,2,6,8,unknown,unknown,flat,,280000000
Москва,Хамовники,Киевская,103.22,,,3,3,14,unknown,unknown,flat,,289016000
Москва,Хамовники,Парк Культуры,176,,,3,3,8,unknown,unknown,flat,,320000000
Москва,Хамовники,Кропоткинская,129,,,3,5,6,unknown,unknown,flat,,340000000
Москва,Хамовники,Кропоткинская,129,,,3,5,6,unknown,unknown,flat,,340000000
Москва,Хамовники,Кропоткинская,128.9,,,3,5,6,unknown,unknown,flat,,340000000
Москва,Хамовники,Киевская,140.7,,,3,2,9,unknown,unknown,flat,,412978419
Москва,Ховрино,unknown,23,,,0,16,30,unknown,unknown,flat,,10400000
Москва,Ховрино,Грачёвская,23.1,,,0,19,32,unknown,unknown,flat,,10800000
Москва,Ховрино,Грачёвская,25,,,0,3,20,unknown,unknown,flat,,13000000
Москва,Хорошево-Мневники,Народное Ополчение,26.5,,,0,2,21,unknown,unknown,flat,,17500000
Москва,Хорошево-Мневники,Октябрьское поле,32.87,,,1,11,27,unknown,unknown,flat,,17618693
Москва,Хорошево-Мневники,Шелепиха,28.3,,,0,37,41,unknown,unknown,flat,,18000000
Москва,Хорошево-Мневники,Серебряный Бор,24.34,,,0,5,25,unknown,unknown,flat,,21863136
Москва,Хорошево-Мневники,Звенигородская,33,,,0,10,45,unknown,unknown,flat,,22000000
Москва,Хорошево-Мневники,Терехово,39,,,1,6,13,unknown,unknown,flat,,24800000
Москва,Хорошево-Мневники,Терехово,38,,,1,19,22,unknown,unknown,flat,,25500000
Москва,Хорошево-Мневники,Терехово,42.3,,,1,11,22,unknown,unknown,flat,,28800000
Москва,Хорошево-Мневники,Шелепиха,44,,,1,34,41,unknown,unknown,flat,,33300000
Москва,Хорошево-Мневники,Бульвар Генерала Карбышева,63.9,,,3,4,28,unknown,unknown,flat,,34761600
Москва,Хорошево-Мневники,Шелепиха,52,,,1,5,19,unknown,unknown,flat,,35990000
Москва,Хорошево-Мневники,Хорошёво,60.22,,,2,13,46,unknown,unknown,flat,,36324945
Москва,Хорошево-Мневники,Терехово,45,,,2,13,23,unknown,unknown,flat,,42000000
Москва,Хорошево-Мневники,Хорошёво,85.51,,,2,8,55,unknown,unknown,flat,,43762821
Москва,Хорошево-Мневники,Хорошёво,84.09,,,3,3,46,unknown,unknown,flat,,53218459
Москва,Хорошевский,Полежаевская,37.3,,,1,6,17,unknown,unknown,flat,,20700000
Москва,Хорошевский,ЦСКА,47,,,2,3,36,unknown,unknown,flat,,45000000
Москва,Хорошевский,ЦСКА,94,,,3,14,26,unknown,unknown,flat,,46000000
Москва,Хорошевский,Аэропорт,65.6,,,2,9,41,unknown,unknown,flat,,56636904
Москва,Хорошевский,Аэропорт,72.1,,,2,29,41,unknown,unknown,flat,,61247174
Москва,Хорошевский,Аэропорт,87.9,,,3,8,41,unknown,unknown,flat,,71111151
Москва,Хорошевский,Аэропорт,87.9,,,3,8,41,unknown,unknown,flat,,71111151
Москва,Хорошевский,Аэропорт,72.2,,,2,29,44,unknown,unknown,flat,,71990000
Москва,Хорошевский,Аэропорт,116.2,,,3,5,57,unknown,unknown,flat,,76990000
Москва,Хорошевский,Аэропорт,82.3,,,2,10,41,unknown,unknown,flat,,80000000
Москва,Хорошевский,ЦСКА,82.8,,,3,6,36,unknown,unknown,flat,,82000000
Москва,Хорошевский,ЦСКА,83.5,,,3,11,36,unknown,unknown,flat,,83500000
Москва,Хорошевский,Аэропорт,71.2,,,2,6,41,unknown,unknown,flat,,85000000
Москва,Хорошевский,Аэропорт,89,,,3,12,31,unknown,unknown,flat,,91500000
Москва,Хорошевский,Аэропорт,89,,,3,12,31,unknown,unknown,flat,,91500000
Москва,Хорошевский,Петровский Парк,96,,,3,25,36,unknown,unknown,flat,,108000000
Москва,Хорошевский,Петровский Парк,96,,,3,25,36,unknown,unknown,flat,,108000000
Москва,Хорошевский,Аэропорт,112,,,3,10,37,unknown,unknown,flat,,115000000
Москва,Хорошевский,ЦСКА,113,,,3,32,36,unknown,unknown,flat,,132000000
Москва,Хорошевский,ЦСКА,113,,,3,32,36,unknown,unknown,flat,,132000000
Москва,Хорошевский,ЦСКА,113,,,3,32,36,unknown,unknown,flat,,132000000
Москва,Царицыно,Кавказский бульвар,33.1,,,1,5,9,unknown,unknown,flat,,11300000
Москва,Царицыно,Кавказский бульвар,32,,,1,4,32,unknown,unknown,flat,,12250000
Москва,Царицыно,Царицыно,48.2,,,2,1,12,unknown,unknown,flat,,12900000
Москва,Черемушки,Зюзино,35.3,,,1,1,12,unknown,unknown,flat,,14000000
Москва,Чертаново Центральное,Пражская,21,,,0,3,23,unknown,unknown,flat,,11590000
Москва,Чертаново Центральное,Пражская,22.2,,,0,6,23,unknown,unknown,flat,,13500000
Москва,Чертаново Южное,Красный Строитель,19.9,,,0,17,33,unknown,unknown,flat,,11500000
Москва,Щукино,Панфиловская,56,,,3,9,14,unknown,unknown,flat,,33990000
Москва,Щукино,Щукинская,85,,,2,11,33,unknown,unknown,flat,,40000000
Москва,Южное Бутово,Улица Скобелевская,38.7,,,1,8,22,unknown,unknown,flat,,12900000
Москва,Южное Медведково,Бабушкинская,46.3,,,2,5,12,unknown,unknown,flat,,16800000
Москва,Южное Тушино,Тушинская,28.1,,,0,2,29,unknown,unknown,flat,,17280000
Москва,Южнопортовый,Дубровка,25.7,,,0,16,30,unknown,unknown,flat,,15200000
Москва,Южнопортовый,Дубровка,37.4,,,1,11,28,unknown,unknown,flat,,17369572
Москва,Южнопортовый,Дубровка,40.4,,,1,3,27,unknown,unknown,flat,,22417152
Москва,Южнопортовый,Угрешская,69.4,,,2,12,30,unknown,unknown,flat,,36300000
Москва,Якиманка,Полянка,156.2,,,3,2,6,unknown,unknown,flat,,210000000
Москва,Якиманка,Кропоткинская,103.64,,,1,4,6,unknown,unknown,flat,,362740000
Москва,Ясенево,Ясенево,77.7,,,3,7,17,unknown,unknown,flat,,25000000
Нижний Новгород,unknown,Горьковская,20.6,,,0,6,17,unknown,unknown,flat,,4126180
Нижний Новгород,unknown,Горьковская,20.2,,,0,8,25,unknown,unknown,flat,,4336940
Нижний Новгород,unknown,Горьковская,22.4,,,0,9,17,unknown,unknown,flat,,4388160
Нижний Новгород,unknown,Горьковская,22.8,,,0,12,25,unknown,unknown,flat,,4895160
Нижний Новгород,unknown,Горьковская,33.3,,,1,2,17,unknown,unknown,flat,,5431230
Нижний Новгород,unknown,unknown,62,,,3,2,3,unknown,unknown,flat,,5950000
Нижний Новгород,unknown,Пролетарская,36.9,,,1,4,4,unknown,unknown,flat,,6001047
Нижний Новгород,unknown,Горьковская,49.1,,,2,4,17,unknown,unknown,flat,,7816720
Нижний Новгород,unknown,Горьковская,68.9,,,3,6,25,unknown,unknown,flat,,9811360
Нижний Новгород,Автозаводский,Парк культуры,17.6,,,0,5,5,unknown,unknown,flat,,1780000
Нижний Новгород,Автозаводский,Парк культуры,14,,,0,2,5,unknown,unknown,flat,,2139000
Нижний Новгород,Автозаводский,Парк культуры,14,,,0,1,5,unknown,unknown,flat,,2300000
Нижний Новгород,Автозаводский,Парк культуры,12,,,0,1,5,unknown,unknown,flat,,2350000
Нижний Новгород,Автозаводский,Парк культуры,14,,,0,5,5,unknown,unknown,flat,,2390000
Нижний Новгород,Автозаводский,Парк культуры,12.7,,,0,2,5,unknown,unknown,flat,,2450000
Нижний Новгород,Автозаводский,Парк культуры,18,,,0,3,5,unknown,unknown,flat,,2550000
Нижний Новгород,Автозаводский,Парк культуры,18,,,0,3,5,unknown,unknown,flat,,2550000
Нижний Новгород,Автозаводский,Парк культуры,15,,,0,1,5,unknown,unknown,flat,,2650000
Нижний Новгород,Автозаводский,Парк культуры,15,,,0,1,5,unknown,unknown,flat,,2650000
Нижний Новгород,Автозаводский,Парк культуры,18,,,0,4,5,unknown,unknown,flat,,2650000
Нижний Новгород,Автозаводский,Парк культуры,20.9,,,0,1,5,unknown,unknown,flat,,2699999
Нижний Новгород,Автозаводский,Парк культуры,26,,,1,2,2,unknown,unknown,flat,,2800000
Нижний Новгород,Автозаводский,Парк культуры,25.7,,,1,2,2,unknown,unknown,flat,,2950000
Нижний Новгород,Автозаводский,Парк культуры,19.2,,,1,2,5,unknown,unknown,flat,,3090000
Нижний Новгород,Автозаводский,Парк культуры,19.2,,,1,2,5,unknown,unknown,flat,,3090000
Нижний Новгород,Автозаводский,Парк культуры,16.3,,,0,1,17,unknown,unknown,flat,,3200000
Нижний Новгород,Автозаводский,Парк культуры,24,,,0,1,5,unknown,unknown,flat,,3400000
Нижний Новгород,Автозаводский,Парк культуры,37,,,2,2,2,unknown,unknown,flat,,3580000
Нижний Новгород,Автозаводский,Парк культуры,18,,,0,1,11,unknown,unknown,flat,,3700000
Нижний Новгород,Автозаводский,Парк культуры,36.6,,,2,2,2,unknown,unknown,flat,,3750000
Нижний Новгород,Автозаводский,Пролетарская,35.5,,,1,1,9,unknown,unknown,flat,,3800000
Нижний Новгород,Автозаводский,Парк культуры,49.5,,,2,2,2,unknown,unknown,flat,,3800000
Нижний Новгород,Автозаводский,Кировская,30,,,1,5,9,unknown,unknown,flat,,3850000
Нижний Новгород,Автозаводский,Кировская,28.2,,,1,9,9,unknown,unknown,flat,,3900000
Нижний Новгород,Автозаводский,Парк культуры,17.5,,,0,5,11,unknown,unknown,flat,,3900000
Нижний Новгород,Автозаводский,Парк культуры,41.2,,,2,1,5,unknown,unknown,flat,,4100000
Нижний Новгород,Автозаводский,Парк культуры,32.4,,,1,5,5,unknown,unknown,flat,,4150000
Нижний Новгород,Автозаводский,Парк культуры,17,,,0,16,17,unknown,unknown,flat,,4450000
Нижний Новгород,Автозаводский,Парк культуры,17.2,,,0,2,11,unknown,unknown,flat,,4450000
Нижний Новгород,Автозаводский,Парк культуры,17.2,,,0,4,10,unknown,unknown,flat,,4500000
Нижний Новгород,Автозаводский,Парк культуры,30.3,,,1,4,5,unknown,unknown,flat,,4550000
Нижний Новгород,Автозаводский,Парк культуры,22.8,,,0,8,19,unknown,unknown,flat,,4650000
Нижний Новгород,Автозаводский,Комсомольская,32.9,,,1,3,5,unknown,unknown,flat,,4750000
Нижний Новгород,Автозаводский,Комсомольская,32.9,,,1,3,5,unknown,unknown,flat,,4750000
Нижний Новгород,Автозаводский,Парк культуры,35,,,1,3,3,unknown,unknown,flat,,4850000
Нижний Новгород,Автозаводский,Парк культуры,19.6,,,0,13,18,unknown,unknown,flat,,4950000
Нижний Новгород,Автозаводский,Парк культуры,30.5,,,1,2,4,unknown,unknown,flat,,4990000
Нижний Новгород,Автозаводский,Парк культуры,32.3,,,1,5,9,unknown,unknown,flat,,5000000
Нижний Новгород,Автозаводский,Автозаводская,40.5,,,1,3,5,unknown,unknown,flat,,5200000
Нижний Новгород,Автозаводский,Кировская,41.9,,,2,2,5,unknown,unknown,flat,,5400000
Нижний Новгород,Автозаводский,Парк культуры,22,,,0,9,22,unknown,unknown,flat,,5450000
Нижний Новгород,Автозаводский,Парк культуры,32,,,1,3,4,unknown,unknown,flat,,5450000
Нижний Новгород,Автозаводский,Парк культуры,34.1,,,1,4,4,unknown,unknown,flat,,5490000
Нижний Новгород,Автозаводский,Автозаводская,50.1,,,2,4,5,unknown,unknown,flat,,5499999
Нижний Новгород,Автозаводский,Парк культуры,45.3,,,2,5,5,unknown,unknown,flat,,5500000
Нижний Новгород,Автозаводский,Кировская,56,,,3,2,5,unknown,unknown,flat,,5600000
Нижний Новгород,Автозаводский,Парк культуры,32,,,1,2,10,unknown,unknown,flat,,5680000
Нижний Новгород,Автозаводский,Парк культуры,60,,,3,1,9,unknown,unknown,flat,,5800000
Нижний Новгород,Автозаводский,Автозаводская,63.5,,,3,2,3,unknown,unknown,flat,,5800000
Нижний Новгород,Автозаводский,Парк культуры,59,,,3,1,9,unknown,unknown,flat,,5800000
Нижний Новгород,Автозаводский,Парк культуры,45,,,2,1,5,unknown,unknown,flat,,5850000
Нижний Новгород,Автозаводский,Парк культуры,56.2,,,3,2,5,unknown,unknown,flat,,5950000
Нижний Новгород,Автозаводский,Парк культуры,32.8,,,1,4,9,unknown,unknown,flat,,6000000
Нижний Новгород,Автозаводский,Парк культуры,31.5,,,1,14,18,unknown,unknown,flat,,6068160
Нижний Новгород,Автозаводский,Парк культуры,35.2,,,1,1,4,unknown,unknown,flat,,6100000
Нижний Новгород,Автозаводский,Парк культуры,42.7,,,2,2,5,unknown,unknown,flat,,6100000
Нижний Новгород,Автозаводский,Парк культуры,47.2,,,2,7,9,unknown,unknown,flat,,6200000
Нижний Новгород,Автозаводский,Парк культуры,49.9,,,2,1,4,unknown,unknown,flat,,6500000
Нижний Новгород,Автозаводский,Кировская,42.4,,,2,5,9,unknown,unknown,flat,,6500000
Нижний Новгород,Автозаводский,Парк культуры,48,,,2,7,9,unknown,unknown,flat,,6599000
Нижний Новгород,Автозаводский,Парк культуры,42.9,,,2,2,9,unknown,unknown,flat,,6800000
Нижний Новгород,Автозаводский,Комсомольская,61.8,,,3,1,5,unknown,unknown,flat,,6800000
Нижний Новгород,Автозаводский,Парк культуры,29.8,,,0,7,8,unknown,unknown,flat,,6969134
Нижний Новгород,Автозаводский,Автозаводская,42.3,,,1,7,10,unknown,unknown,flat,,7200000
Нижний Новгород,Автозаводский,Парк культуры,62.9,,,3,1,9,unknown,unknown,flat,,7200000
Нижний Новгород,Автозаводский,Кировская,57.9,,,3,6,9,unknown,unknown,flat,,7300000
Нижний Новгород,Автозаводский,Парк культуры,51.9,,,2,4,4,unknown,unknown,flat,,7390000
Нижний Новгород,Автозаводский,Парк культуры,62.1,,,3,1,9,unknown,unknown,flat,,7500000
Нижний Новгород,Автозаводский,Парк культуры,31.16,,,1,3,17,unknown,unknown,flat,,7568764
Нижний Новгород,Автозаводский,Парк культуры,55.8,,,3,1,5,unknown,unknown,flat,,7800000
Нижний Новгород,Автозаводский,Парк культуры,56.3,,,3,5,5,unknown,unknown,flat,,7900000
Нижний Новгород,Автозаводский,Парк культуры,62.6,,,3,8,10,unknown,unknown,flat,,8150000
Нижний Новгород,Автозаводский,Пролетарская,63,,,3,2,9,unknown,unknown,flat,,8500000
Нижний Новгород,Автозаводский,Пролетарская,63,,,3,2,9,unknown,unknown,flat,,8500000
Нижний Новгород,Автозаводский,Парк культуры,59.4,,,3,8,9,unknown,unknown,flat,,9000000
Нижний Новгород,Автозаводский,Парк культуры,52.8,,,2,3,21,unknown,unknown,flat,,11077440
Нижний Новгород,Автозаводский,Парк культуры,73.2,,,3,4,5,unknown,unknown,flat,,12300000
Нижний Новгород,Автозаводский,Парк культуры,65.1,,,2,7,8,unknown,unknown,flat,,12590037
Нижний Новгород,Автозаводский,Парк культуры,74.5,,,3,2,8,unknown,unknown,flat,,13856543
Нижний Новгород,Автозаводский,Парк культуры,74.5,,,3,2,8,unknown,unknown,flat,,13856543
Нижний Новгород,Автозаводский,Парк культуры,66.1,,,2,5,17,unknown,unknown,flat,,13900000
Нижний Новгород,Канавинский,Бурнаковская,32,,,0,2,2,unknown,unknown,flat,,2900000
Нижний Новгород,Канавинский,Бурнаковская,23.7,,,0,5,9,unknown,unknown,flat,,3330000
Нижний Новгород,Канавинский,Бурнаковская,22,,,0,8,9,unknown,unknown,flat,,3900000
Нижний Новгород,Канавинский,Бурнаковская,37.5,,,3,1,2,unknown,unknown,flat,,3900000
Нижний Новгород,Канавинский,Двигатель Революции,61.6,,,3,2,2,unknown,unknown,flat,,4250000
Нижний Новгород,Канавинский,Московская,44.6,,,3,1,2,unknown,unknown,flat,,4500000
Нижний Новгород,Канавинский,Стрелка,25.5,,,1,1,5,unknown,unknown,flat,,4500000
Нижний Новгород,Канавинский,Бурнаковская,36.5,,,1,3,9,unknown,unknown,flat,,4640000
Нижний Новгород,Канавинский,Бурнаковская,20.9,,,0,11,22,unknown,unknown,flat,,4950000
Нижний Новгород,Канавинский,Двигатель Революции,29.3,,,0,3,10,unknown,unknown,flat,,5000000
Нижний Новгород,Канавинский,Двигатель Революции,29.3,,,0,3,10,unknown,unknown,flat,,5250000
Нижний Новгород,Канавинский,Московская,34.5,,,1,4,5,unknown,unknown,flat,,5800000
Нижний Новгород,Канавинский,Ленинская,25.55,,,0,22,24,unknown,unknown,flat,,5940000
Нижний Новгород,Канавинский,Ленинская,25.43,,,0,24,24,unknown,unknown,flat,,5950000
Нижний Новгород,Канавинский,Бурнаковская,44.4,,,2,9,9,unknown,unknown,flat,,5950000
Нижний Новгород,Канавинский,Бурнаковская,30.22,,,1,13,17,unknown,unknown,flat,,6003203
Нижний Новгород,Канавинский,Стрелка,34,,,1,5,9,unknown,unknown,flat,,6460000
Нижний Новгород,Канавинский,Бурнаковская,45,,,2,8,9,unknown,unknown,flat,,6500000
Нижний Новгород,Канавинский,Бурнаковская,45,,,2,8,9,unknown,unknown,flat,,6500000
Нижний Новгород,Канавинский,Бурнаковская,30.26,,,0,2,17,unknown,unknown,flat,,6646609
Нижний Новгород,Канавинский,Чкаловская,53.4,,,3,2,4,unknown,unknown,flat,,7050000
Нижний Новгород,Канавинский,Стрелка,33.2,,,1,9,9,unknown,unknown,flat,,7200000
Нижний Новгород,Канавинский,Стрелка,33.2,,,1,2,13,unknown,unknown,flat,,7270000
Нижний Новгород,Канавинский,Стрелка,66.6,,,3,4,9,unknown,unknown,flat,,7400000
Нижний Новгород,Канавинский,Стрелка,55.4,,,3,8,9,unknown,unknown,flat,,7500000
Нижний Новгород,Канавинский,Чкаловская,41.67,,,1,8,15,unknown,unknown,flat,,7746453
Нижний Новгород,Канавинский,Московская,62.8,,,3,5,5,unknown,unknown,flat,,8000000
Нижний Новгород,Канавинский,Бурнаковская,59,,,2,3,10,unknown,unknown,flat,,8020000
Нижний Новгород,Канавинский,Стрелка,42.8,,,1,5,12,unknown,unknown,flat,,8100000
Нижний Новгород,Канавинский,Ленинская,42.04,,,1,19,27,unknown,unknown,flat,,8260000
Нижний Новгород,Канавинский,Стрелка,67.4,,,3,2,9,unknown,unknown,flat,,8400000
Нижний Новгород,Канавинский,Стрелка,35,,,1,4,12,unknown,unknown,flat,,8450000
Нижний Новгород,Канавинский,Стрелка,35,,,1,4,12,unknown,unknown,flat,,8450000
Нижний Новгород,Канавинский,Чкаловская,29.5,,,0,16,25,unknown,unknown,flat,,8889168
Нижний Новгород,Канавинский,Бурнаковская,54.9,,,2,6,14,unknown,unknown,flat,,9146340
Нижний Новгород,Канавинский,Чкаловская,37.8,,,0,2,25,unknown,unknown,flat,,9180900
Нижний Новгород,Канавинский,Чкаловская,31.4,,,0,2,25,unknown,unknown,flat,,9281900
Нижний Новгород,Канавинский,Бурнаковская,59.91,,,3,3,17,unknown,unknown,flat,,9342965
Нижний Новгород,Канавинский,Бурнаковская,59.91,,,3,3,17,unknown,unknown,flat,,9429834
Нижний Новгород,Канавинский,Ленинская,55.45,,,2,7,24,unknown,unknown,flat,,9450000
Нижний Новгород,Канавинский,Стрелка,63,,,3,8,9,unknown,unknown,flat,,9500000
Нижний Новгород,Канавинский,Чкаловская,40.8,,,1,8,25,unknown,unknown,flat,,9581947
Нижний Новгород,Канавинский,Чкаловская,40.8,,,1,8,25,unknown,unknown,flat,,9581947
Нижний Новгород,Канавинский,Стрелка,38.2,,,1,11,22,unknown,unknown,flat,,10314000
Нижний Новгород,Канавинский,Двигатель Революции,68.8,,,3,2,8,unknown,unknown,flat,,10354400
Нижний Новгород,Канавинский,Чкаловская,66.07,,,2,3,15,unknown,unknown,flat,,10703340
Нижний Новгород,Канавинский,Чкаловская,64.96,,,2,2,15,unknown,unknown,flat,,10783360
Нижний Новгород,Канавинский,Ленинская,78.51,,,3,1,24,unknown,unknown,flat,,11370000
Нижний Новгород,Канавинский,Чкаловская,72.33,,,3,2,15,unknown,unknown,flat,,11572800
Нижний Новгород,Канавинский,Чкаловская,72.33,,,3,2,15,unknown,unknown,flat,,11572800
Нижний Новгород,Канавинский,Бурнаковская,73,,,3,2,14,unknown,unknown,flat,,11658100
Нижний Новгород,Канавинский,Чкаловская,69,,,2,2,25,unknown,unknown,flat,,11889548
Нижний Новгород,Канавинский,Стрелка,49.7,,,1,11,24,unknown,unknown,flat,,11890000
Нижний Новгород,Канавинский,Стрелка,64.1,,,2,6,13,unknown,unknown,flat,,11980000
Нижний Новгород,Канавинский,Стрелка,42,,,1,12,17,unknown,unknown,flat,,15000000
Нижний Новгород,Канавинский,Стрелка,58.5,,,2,3,22,unknown,unknown,flat,,15502500
Нижний Новгород,Канавинский,Стрелка,81.3,,,3,10,13,unknown,unknown,flat,,15620000
Нижний Новгород,Канавинский,Чкаловская,89.3,,,3,2,25,unknown,unknown,flat,,15705430
Нижний Новгород,Канавинский,Стрелка,61.6,,,2,21,22,unknown,unknown,flat,,17556000
Нижний Новгород,Канавинский,Стрелка,87.5,,,3,15,17,unknown,unknown,flat,,19500000
Нижний Новгород,Канавинский,Стрелка,90.2,,,3,17,17,unknown,unknown,flat,,19970000
Нижний Новгород,Канавинский,Стрелка,112.1,,,3,20,24,unknown,unknown,flat,,33990000
Нижний Новгород,Культура с/пос,unknown,32.6,,,1,4,4,unknown,unknown,flat,,5400000
Нижний Новгород,Культура с/пос,unknown,41.1,,,2,1,4,unknown,unknown,flat,,6363513
Нижний Новгород,Ленинский,Двигатель Революции,19,,,0,4,4,unknown,unknown,flat,,1950000
Нижний Новгород,Ленинский,Заречная,13.5,,,0,5,5,unknown,unknown,flat,,2300000
Нижний Новгород,Ленинский,Заречная,18.2,,,0,4,5,unknown,unknown,flat,,3000000
Нижний Новгород,Ленинский,Пролетарская,29,,,1,3,3,unknown,unknown,flat,,3300000
Нижний Новгород,Ленинский,Двигатель Революции,34.7,,,2,1,2,unknown,unknown,flat,,3600000
Нижний Новгород,Ленинский,Чкаловская,38.5,,,2,1,2,unknown,unknown,flat,,3750000
Нижний Новгород,Ленинский,Заречная,31.3,,,1,4,5,unknown,unknown,flat,,4650000
Нижний Новгород,Ленинский,Заречная,42.1,,,2,3,5,unknown,unknown,flat,,5100000
Нижний Новгород,Ленинский,Двигатель Революции,45.8,,,2,1,5,unknown,unknown,flat,,5500000
Нижний Новгород,Ленинский,Заречная,44.6,,,2,2,5,unknown,unknown,flat,,5600000
Нижний Новгород,Ленинский,Заречная,44.6,,,2,2,5,unknown,unknown,flat,,5600000
Нижний Новгород,Ленинский,Ленинская,23.62,,,0,20,30,unknown,unknown,flat,,6339999
Нижний Новгород,Ленинский,Заречная,36,,,1,5,9,unknown,unknown,flat,,6500000
Нижний Новгород,Ленинский,Заречная,36,,,1,5,9,unknown,unknown,flat,,6500000
Нижний Новгород,Ленинский,Двигатель Революции,44.8,,,2,1,5,unknown,unknown,flat,,6600000
Нижний Новгород,Ленинский,Двигатель Революции,58.7,,,3,7,9,unknown,unknown,flat,,6700000
Нижний Новгород,Ленинский,Ленинская,31.8,,,0,11,12,unknown,unknown,flat,,6700000
Нижний Новгород,Ленинский,Ленинская,26,,,0,18,30,unknown,unknown,flat,,6759999
Нижний Новгород,Ленинский,Ленинская,29.1,,,0,4,12,unknown,unknown,flat,,6850000
Нижний Новгород,Ленинский,Заречная,44,,,2,7,9,unknown,unknown,flat,,6850000
Нижний Новгород,Ленинский,Ленинская,57.1,,,3,5,5,unknown,unknown,flat,,6890000
Нижний Новгород,Ленинский,Двигатель Революции,60.2,,,3,3,5,unknown,unknown,flat,,7200000
Нижний Новгород,Ленинский,Заречная,53,,,3,8,9,unknown,unknown,flat,,7300000
Нижний Новгород,Ленинский,Ленинская,34,,,1,9,22,unknown,unknown,flat,,7900000
Нижний Новгород,Ленинский,Ленинская,34,,,1,9,22,unknown,unknown,flat,,7900000
Нижний Новгород,Ленинский,Ленинская,37.6,,,1,2,12,unknown,unknown,flat,,7900000
Нижний Новгород,Ленинский,Ленинская,53.7,,,2,3,9,unknown,unknown,flat,,8200000
Нижний Новгород,Ленинский,Заречная,56.2,,,3,6,9,unknown,unknown,flat,,8400000
Нижний Новгород,Ленинский,Ленинская,37.98,,,1,9,24,unknown,unknown,flat,,8500000
Нижний Новгород,Ленинский,Ленинская,41.77,,,1,5,30,unknown,unknown,flat,,8919999
Нижний Новгород,Ленинский,Ленинская,43.97,,,2,6,30,unknown,unknown,flat,,9249999
Нижний Новгород,Ленинский,Заречная,52.4,,,2,9,10,unknown,unknown,flat,,9500000
Нижний Новгород,Ленинский,Ленинская,59.91,,,3,18,30,unknown,unknown,flat,,10710587
Нижний Новгород,Ленинский,Ленинская,60.58,,,3,11,30,unknown,unknown,flat,,11459458
Нижний Новгород,Ленинский,Ленинская,62.83,,,2,5,30,unknown,unknown,flat,,11891890
Нижний Новгород,Ленинский,Заречная,73.65,,,3,19,21,unknown,unknown,flat,,12183906
Нижний Новгород,Ленинский,Ленинская,73.5,,,2,3,14,unknown,unknown,flat,,14000000
Нижний Новгород,Ленинский,Ленинская,73.5,,,2,3,14,unknown,unknown,flat,,14000000
Нижний Новгород,Ленинский,Заречная,72,,,3,2,10,unknown,unknown,flat,,14950000
Нижний Новгород,Ленинский,Заречная,311.1,,,0,21,24,unknown,unknown,flat,,39000000
Нижний Новгород,Московский,Бурнаковская,14.8,,,0,2,3,unknown,unknown,flat,,1499000
Нижний Новгород,Московский,Бурнаковская,10,,,0,1,4,unknown,unknown,flat,,1890000
Нижний Новгород,Московский,Буревестник,13.8,,,0,4,5,unknown,unknown,flat,,2150000
Нижний Новгород,Московский,Бурнаковская,17,,,0,2,2,unknown,unknown,flat,,2190000
Нижний Новгород,Московский,Буревестник,16,,,0,3,4,unknown,unknown,flat,,2490000
Нижний Новгород,Московский,Бурнаковская,30,,,1,1,2,unknown,unknown,flat,,2500000
Нижний Новгород,Московский,Буревестник,16,,,0,8,9,unknown,unknown,flat,,2780000
Нижний Новгород,Московский,Бурнаковская,47.2,,,2,2,2,unknown,unknown,flat,,3850000
Нижний Новгород,Московский,Стрелка,17,,,0,4,10,unknown,unknown,flat,,4399000
Нижний Новгород,Московский,Бурнаковская,29.7,,,1,4,9,unknown,unknown,flat,,4500000
Нижний Новгород,Московский,Бурнаковская,29.7,,,1,4,9,unknown,unknown,flat,,4500000
Нижний Новгород,Московский,Бурнаковская,17.4,,,0,1,10,unknown,unknown,flat,,4650000
Нижний Новгород,Московский,Стрелка,17.2,,,0,4,11,unknown,unknown,flat,,4800000
Нижний Новгород,Московский,Буревестник,43.3,,,2,4,4,unknown,unknown,flat,,4900000
Нижний Новгород,Московский,Бурнаковская,57.4,,,3,4,4,unknown,unknown,flat,,5100000
Нижний Новгород,Московский,Бурнаковская,58,,,3,3,5,unknown,unknown,flat,,5800000
Нижний Новгород,Московский,Буревестник,44,,,2,2,4,unknown,unknown,flat,,5800000
Нижний Новгород,Московский,Бурнаковская,53.3,,,3,1,5,unknown,unknown,flat,,5850000
Нижний Новгород,Московский,Бурнаковская,68.7,,,3,2,2,unknown,unknown,flat,,5990000
Нижний Новгород,Московский,Буревестник,25.27,,,0,1,17,unknown,unknown,flat,,6040000
Нижний Новгород,Московский,Бурнаковская,21,,,0,10,25,unknown,unknown,flat,,6100000
Нижний Новгород,Московский,Канавинская,47,,,2,7,10,unknown,unknown,flat,,6900000
Нижний Новгород,Московский,Буревестник,47.5,,,2,6,9,unknown,unknown,flat,,7100000
Нижний Новгород,Московский,Буревестник,47.5,,,2,6,9,unknown,unknown,flat,,7100000
Нижний Новгород,Московский,Буревестник,63.1,,,3,3,6,unknown,unknown,flat,,7500000
Нижний Новгород,Московский,Буревестник,60,,,3,2,9,unknown,unknown,flat,,7800000
Нижний Новгород,Московский,Буревестник,41.7,,,1,7,25,unknown,unknown,flat,,7964700
Нижний Новгород,Московский,Буревестник,69.7,,,3,8,9,unknown,unknown,flat,,8200000
Нижний Новгород,Московский,Бурнаковская,40.4,,,1,18,20,unknown,unknown,flat,,9037480
Нижний Новгород,Московский,Буревестник,57,,,2,2,25,unknown,unknown,flat,,9234000
Нижний Новгород,Московский,Бурнаковская,55.3,,,2,8,20,unknown,unknown,flat,,9826810
Нижний Новгород,Московский,Канавинская,68.3,,,3,5,10,unknown,unknown,flat,,10700000
Нижний Новгород,Московский,Буревестник,66.7,,,2,3,17,unknown,unknown,flat,,11870000
Нижний Новгород,Московский,Буревестник,65.88,,,2,5,17,unknown,unknown,flat,,12430000
Нижний Новгород,Московский,Буревестник,76.57,,,2,4,12,unknown,unknown,flat,,13990000
Нижний Новгород,Московский,Буревестник,91.7,,,3,14,25,unknown,unknown,flat,,14855400
Нижний Новгород,Московский,Буревестник,97.09,,,3,2,16,unknown,unknown,flat,,16930970
Нижний Новгород,Нижегородский,unknown,20,,,0,12,24,unknown,unknown,flat,,4400000
Нижний Новгород,Нижегородский,unknown,20,,,0,12,24,unknown,unknown,flat,,4500000
Нижний Новгород,Нижегородский,Комсомольская,30.2,,,0,2,2,unknown,unknown,flat,,4500000
Нижний Новгород,Нижегородский,Пролетарская,56,,,3,1,5,unknown,unknown,flat,,4650000
Нижний Новгород,Нижегородский,Горьковская,16.3,,,0,7,7,unknown,unknown,flat,,4800000
Нижний Новгород,Нижегородский,Горьковская,28.53,,,0,2,17,unknown,unknown,flat,,5300000
Нижний Новгород,Нижегородский,Горьковская,30.8,,,1,6,6,unknown,unknown,flat,,5800000
Нижний Новгород,Нижегородский,Горьковская,31.6,,,1,2,5,unknown,unknown,flat,,6300000
Нижний Новгород,Нижегородский,Горьковская,33,,,1,9,9,unknown,unknown,flat,,6400000
Нижний Новгород,Нижегородский,Горьковская,33.6,,,1,1,10,unknown,unknown,flat,,6500000
Нижний Новгород,Нижегородский,Горьковская,33.9,,,1,5,9,unknown,unknown,flat,,6550000
Нижний Новгород,Нижегородский,Горьковская,35,,,1,5,9,unknown,unknown,flat,,6790000
Нижний Новгород,Нижегородский,Горьковская,35,,,1,5,9,unknown,unknown,flat,,6790000
Нижний Новгород,Нижегородский,Горьковская,20,,,0,4,17,unknown,unknown,flat,,7200000
Нижний Новгород,Нижегородский,Горьковская,37.39,,,1,13,24,unknown,unknown,flat,,7499999
Нижний Новгород,Нижегородский,Горьковская,74.26,,,3,1,3,unknown,unknown,flat,,7500000
Нижний Новгород,Нижегородский,Горьковская,45,,,2,1,5,unknown,unknown,flat,,7600000
Нижний Новгород,Нижегородский,Горьковская,35,,,1,2,10,unknown,unknown,flat,,7620000
Нижний Новгород,Нижегородский,Горьковская,50,,,2,2,9,unknown,unknown,flat,,7650000
Нижний Новгород,Нижегородский,Горьковская,30.3,,,0,5,17,unknown,unknown,flat,,7940000
Нижний Новгород,Нижегородский,Горьковская,31.45,,,0,8,13,unknown,unknown,flat,,8489999
Нижний Новгород,Нижегородский,Горьковская,60,,,3,7,9,unknown,unknown,flat,,8500000
Нижний Новгород,Нижегородский,Горьковская,62.2,,,3,3,10,unknown,unknown,flat,,8650000
Нижний Новгород,Нижегородский,Горьковская,30.47,,,0,8,13,unknown,unknown,flat,,8839999
Нижний Новгород,Нижегородский,Горьковская,28,,,0,8,20,unknown,unknown,flat,,8928000
Нижний Новгород,Нижегородский,Горьковская,29.82,,,0,10,13,unknown,unknown,flat,,8999999
Нижний Новгород,Нижегородский,Горьковская,64,,,3,2,9,unknown,unknown,flat,,9000000
Нижний Новгород,Нижегородский,Горьковская,54.7,,,3,3,5,unknown,unknown,flat,,9000000
Нижний Новгород,Нижегородский,Горьковская,43.06,,,1,9,13,unknown,unknown,flat,,9399999
Нижний Новгород,Нижегородский,Горьковская,43.06,,,1,9,13,unknown,unknown,flat,,9499999
Нижний Новгород,Нижегородский,Горьковская,43.06,,,1,9,13,unknown,unknown,flat,,9499999
Нижний Новгород,Нижегородский,Горьковская,32.5,,,0,3,14,unknown,unknown,flat,,9629412
Нижний Новгород,Нижегородский,Горьковская,31.35,,,0,10,13,unknown,unknown,flat,,9629999
Нижний Новгород,Нижегородский,Горьковская,46.82,,,1,2,22,unknown,unknown,flat,,9770000
Нижний Новгород,Нижегородский,Горьковская,29.9,,,0,7,12,unknown,unknown,flat,,9778340
Нижний Новгород,Нижегородский,Горьковская,50.7,,,1,14,17,unknown,unknown,flat,,9840000
Нижний Новгород,Нижегородский,Горьковская,47.62,,,1,4,24,unknown,unknown,flat,,9952580
Нижний Новгород,Нижегородский,Горьковская,59.3,,,2,1,8,unknown,unknown,flat,,10500000
Нижний Новгород,Нижегородский,Горьковская,81.6,,,3,5,6,unknown,unknown,flat,,10500000
Нижний Новгород,Нижегородский,Горьковская,32.4,,,0,13,14,unknown,unknown,flat,,10532477
Нижний Новгород,Нижегородский,Горьковская,43.7,,,1,10,13,unknown,unknown,flat,,10599999
Нижний Новгород,Нижегородский,Горьковская,54.7,,,2,16,17,unknown,unknown,flat,,10705000
Нижний Новгород,Нижегородский,Московская,39.69,,,1,9,32,unknown,unknown,flat,,10729999
Нижний Новгород,Нижегородский,Горьковская,60,,,2,3,10,unknown,unknown,flat,,10750000
Нижний Новгород,Нижегородский,Горьковская,60,,,2,3,10,unknown,unknown,flat,,10750000
Нижний Новгород,Нижегородский,Горьковская,50.35,,,1,5,13,unknown,unknown,flat,,10757646
Нижний Новгород,Нижегородский,Горьковская,45.6,,,2,2,5,unknown,unknown,flat,,10900000
Нижний Новгород,Нижегородский,Горьковская,49.8,,,1,25,25,unknown,unknown,flat,,10910000
Нижний Новгород,Нижегородский,Горьковская,63.6,,,3,4,9,unknown,unknown,flat,,11000000
Нижний Новгород,Нижегородский,Горьковская,55.1,,,2,3,10,unknown,unknown,flat,,11352069
Нижний Новгород,Нижегородский,Горьковская,63.43,,,2,2,13,unknown,unknown,flat,,11599999
Нижний Новгород,Нижегородский,Горьковская,50,,,1,9,12,unknown,unknown,flat,,11900000
Нижний Новгород,Нижегородский,Горьковская,41,,,1,7,10,unknown,unknown,flat,,12000000
Нижний Новгород,Нижегородский,Горьковская,41,,,1,7,10,unknown,unknown,flat,,12000000
Нижний Новгород,Нижегородский,Горьковская,57.54,,,2,10,13,unknown,unknown,flat,,12319999
Нижний Новгород,Нижегородский,Горьковская,41,,,1,21,24,unknown,unknown,flat,,12450000
Нижний Новгород,Нижегородский,Горьковская,49.3,,,2,2,20,unknown,unknown,flat,,12735452
Нижний Новгород,Нижегородский,Горьковская,41.6,,,1,11,20,unknown,unknown,flat,,12794379
Нижний Новгород,Нижегородский,Горьковская,30.4,,,0,9,20,unknown,unknown,flat,,12900000
Нижний Новгород,Нижегородский,Горьковская,36.9,,,0,1,6,unknown,unknown,flat,,12915000
Нижний Новгород,Нижегородский,Горьковская,76.22,,,2,11,22,unknown,unknown,flat,,13050000
Нижний Новгород,Нижегородский,Горьковская,48.8,,,1,4,19,unknown,unknown,flat,,13172678
Нижний Новгород,Нижегородский,unknown,54,,,2,24,25,unknown,unknown,flat,,13300000
Нижний Новгород,Нижегородский,Горьковская,36.6,,,0,19,20,unknown,unknown,flat,,13435930
Нижний Новгород,Нижегородский,Горьковская,90,,,3,3,3,unknown,unknown,flat,,14300000
Нижний Новгород,Нижегородский,Горьковская,37.6,,,1,6,12,unknown,unknown,flat,,14476000
Нижний Новгород,Нижегородский,Горьковская,57.2,,,1,2,12,unknown,unknown,flat,,14506887
Нижний Новгород,Нижегородский,Горьковская,70.98,,,3,5,13,unknown,unknown,flat,,14579999
Нижний Новгород,Нижегородский,Горьковская,70.98,,,3,5,13,unknown,unknown,flat,,14579999
Нижний Новгород,Нижегородский,Горьковская,45,,,1,4,9,unknown,unknown,flat,,14741000
Нижний Новгород,Нижегородский,Горьковская,104.9,,,3,1,17,unknown,unknown,flat,,14780000
Нижний Новгород,Нижегородский,Горьковская,53.8,,,2,3,3,unknown,unknown,flat,,14950000
Нижний Новгород,Нижегородский,Горьковская,53.8,,,2,3,3,unknown,unknown,flat,,14950000
Нижний Новгород,Нижегородский,Горьковская,91,,,3,7,14,unknown,unknown,flat,,15500000
Нижний Новгород,Нижегородский,Горьковская,48.1,,,0,3,9,unknown,unknown,flat,,15558700
Нижний Новгород,Нижегородский,Горьковская,45.6,,,0,5,9,unknown,unknown,flat,,15942900
Нижний Новгород,Нижегородский,Горьковская,56,,,2,13,20,unknown,unknown,flat,,15988500
Нижний Новгород,Нижегородский,Московская,74.56,,,3,5,32,unknown,unknown,flat,,16319999
Нижний Новгород,Нижегородский,Горьковская,51.97,,,1,5,7,unknown,unknown,flat,,16370550
Нижний Новгород,Нижегородский,Горьковская,56.6,,,1,2,9,unknown,unknown,flat,,16575200
Нижний Новгород,Нижегородский,Горьковская,67.2,,,2,11,14,unknown,unknown,flat,,16777263
Нижний Новгород,Нижегородский,Горьковская,50.67,,,1,6,17,unknown,unknown,flat,,16829970
Нижний Новгород,Нижегородский,Горьковская,77.02,,,3,4,24,unknown,unknown,flat,,16944400
Нижний Новгород,Нижегородский,Горьковская,95.6,,,3,1,5,unknown,unknown,flat,,17700000
Нижний Новгород,Нижегородский,Московская,89.31,,,3,6,32,unknown,unknown,flat,,17709999
Нижний Новгород,Нижегородский,Горьковская,50.6,,,1,1,6,unknown,unknown,flat,,17710000
Нижний Новгород,Нижегородский,Горьковская,72.2,,,3,13,13,unknown,unknown,flat,,17749999
Нижний Новгород,Нижегородский,Горьковская,59.71,,,2,3,7,unknown,unknown,flat,,17913000
Нижний Новгород,Нижегородский,Горьковская,79.7,,,0,1,20,unknown,unknown,flat,,17963742
Нижний Новгород,Нижегородский,Горьковская,79.7,,,0,1,20,unknown,unknown,flat,,17963742
Нижний Новгород,Нижегородский,Горьковская,53.7,,,1,2,9,unknown,unknown,flat,,17989500
Нижний Новгород,Нижегородский,Горьковская,47.1,,,1,9,9,unknown,unknown,flat,,18719200
Нижний Новгород,Нижегородский,Горьковская,84.88,,,3,11,13,unknown,unknown,flat,,19659999
Нижний Новгород,Нижегородский,Горьковская,54,,,2,5,12,unknown,unknown,flat,,19980000
Нижний Новгород,Нижегородский,Горьковская,67.1,,,2,3,10,unknown,unknown,flat,,19980000
Нижний Новгород,Нижегородский,Горьковская,75.8,,,3,9,12,unknown,unknown,flat,,20000300
Нижний Новгород,Нижегородский,Горьковская,95,,,3,18,20,unknown,unknown,flat,,20425000
Нижний Новгород,Нижегородский,Горьковская,80.3,,,3,7,22,unknown,unknown,flat,,20500000
Нижний Новгород,Нижегородский,Горьковская,47.2,,,1,3,5,unknown,unknown,flat,,20820233
Нижний Новгород,Нижегородский,Горьковская,47.2,,,1,3,5,unknown,unknown,flat,,20820233
Нижний Новгород,Нижегородский,Горьковская,82.12,,,3,2,7,unknown,unknown,flat,,22172400
Нижний Новгород,Нижегородский,Горьковская,73.8,,,2,2,9,unknown,unknown,flat,,22509000
Нижний Новгород,Нижегородский,Горьковская,94.6,,,3,9,25,unknown,unknown,flat,,22614322
Нижний Новгород,Нижегородский,Горьковская,79,,,2,2,17,unknown,unknown,flat,,23139100
Нижний Новгород,Нижегородский,Горьковская,97.3,,,2,12,12,unknown,unknown,flat,,23838500
Нижний Новгород,Нижегородский,Горьковская,68.9,,,2,2,6,unknown,unknown,flat,,24111500
Нижний Новгород,Нижегородский,Горьковская,84.1,,,2,3,9,unknown,unknown,flat,,24536500
Нижний Новгород,Нижегородский,Горьковская,71.8,,,2,6,6,unknown,unknown,flat,,24900000
Нижний Новгород,Нижегородский,Горьковская,97.77,,,2,14,25,unknown,unknown,flat,,25334000
Нижний Новгород,Нижегородский,Горьковская,132.1,,,3,6,10,unknown,unknown,flat,,25990000
Нижний Новгород,Нижегородский,Горьковская,75.2,,,2,4,6,unknown,unknown,flat,,26316500
Нижний Новгород,Нижегородский,Горьковская,72,,,3,5,5,unknown,unknown,flat,,26500000
Нижний Новгород,Нижегородский,Горьковская,64.4,,,2,2,5,unknown,unknown,flat,,27364799
Нижний Новгород,Нижегородский,Горьковская,83.4,,,3,6,6,unknown,unknown,flat,,27525300
Нижний Новгород,Нижегородский,Горьковская,58.2,,,1,6,6,unknown,unknown,flat,,27936000
Нижний Новгород,Нижегородский,Горьковская,83.4,,,3,6,6,unknown,unknown,flat,,29193500
Нижний Новгород,Нижегородский,Горьковская,102.2,,,3,15,19,unknown,unknown,flat,,29990000
Нижний Новгород,Нижегородский,Горьковская,79.1,,,3,21,22,unknown,unknown,flat,,31000000
Нижний Новгород,Нижегородский,Горьковская,92.8,,,3,4,12,unknown,unknown,flat,,32572800
Нижний Новгород,Нижегородский,Горьковская,104.1,,,3,6,9,unknown,unknown,flat,,33312000
Нижний Новгород,Нижегородский,Горьковская,100.9,,,3,9,9,unknown,unknown,flat,,34108100
Нижний Новгород,Нижегородский,Горьковская,110.28,,,3,4,7,unknown,unknown,flat,,35289600
Нижний Новгород,Нижегородский,Горьковская,104.1,,,3,9,9,unknown,unknown,flat,,35914500
Нижний Новгород,Нижегородский,Горьковская,62.6,,,1,4,6,unknown,unknown,flat,,37560000
Нижний Новгород,Нижегородский,Горьковская,87.56,,,2,3,6,unknown,unknown,flat,,37700000
Нижний Новгород,Нижегородский,Горьковская,95,,,3,2,6,unknown,unknown,flat,,38120000
Нижний Новгород,Нижегородский,Горьковская,109.59,,,3,11,17,unknown,unknown,flat,,39520179
Нижний Новгород,Нижегородский,Горьковская,95,,,2,5,6,unknown,unknown,flat,,40375000
Нижний Новгород,Нижегородский,Горьковская,118.8,,,2,3,6,unknown,unknown,flat,,42768000
Нижний Новгород,Нижегородский,Горьковская,90.6,,,3,4,5,unknown,unknown,flat,,48018000
Нижний Новгород,Нижегородский,Горьковская,92.53,,,3,16,17,unknown,unknown,flat,,51868439
Нижний Новгород,Нижегородский,Горьковская,133,,,3,3,6,unknown,unknown,flat,,57190000
Нижний Новгород,Нижегородский,Горьковская,127.6,,,3,6,6,unknown,unknown,flat,,59078800
Нижний Новгород,Приокский,Пролетарская,50.2,,,2,1,5,unknown,unknown,flat,,5500000
Нижний Новгород,Приокский,Горьковская,30.7,,,1,9,9,unknown,unknown,flat,,5520000
Нижний Новгород,Приокский,Пролетарская,33,,,1,5,9,unknown,unknown,flat,,5900000
Нижний Новгород,Приокский,Горьковская,61.3,,,3,3,5,unknown,unknown,flat,,6500000
Нижний Новгород,Приокский,Горьковская,24.3,,,0,1,14,unknown,unknown,flat,,6720000
Нижний Новгород,Приокский,Пролетарская,66.7,,,3,9,9,unknown,unknown,flat,,7800000
Нижний Новгород,Приокский,Горьковская,58.8,,,2,3,4,unknown,unknown,flat,,8000000
Нижний Новгород,Приокский,Горьковская,41.9,,,1,2,14,unknown,unknown,flat,,8330000
Нижний Новгород,Приокский,Горьковская,41.9,,,1,2,14,unknown,unknown,flat,,8330000
Нижний Новгород,Приокский,Горьковская,40,,,0,3,17,unknown,unknown,flat,,8600000
Нижний Новгород,Приокский,Горьковская,43,,,2,18,19,unknown,unknown,flat,,8990000
Нижний Новгород,Приокский,Горьковская,38.9,,,1,6,18,unknown,unknown,flat,,10350000
Нижний Новгород,Приокский,Пролетарская,42.73,,,1,14,17,unknown,unknown,flat,,10730000
Нижний Новгород,Приокский,Горьковская,51.5,,,2,17,19,unknown,unknown,flat,,11499000
Нижний Новгород,Приокский,Горьковская,51.5,,,2,17,19,unknown,unknown,flat,,11499000
Нижний Новгород,Приокский,Горьковская,73.9,,,2,4,14,unknown,unknown,flat,,12460000
Нижний Новгород,Приокский,Пролетарская,68.14,,,2,2,17,unknown,unknown,flat,,13720000
Нижний Новгород,Приокский,Горьковская,90.8,,,3,5,14,unknown,unknown,flat,,15150000
Нижний Новгород,Приокский,Пролетарская,81.6,,,3,12,16,unknown,unknown,flat,,17300000
Нижний Новгород,Советский,Горьковская,14.2,,,0,5,5,unknown,unknown,flat,,2690000
Нижний Новгород,Советский,Горьковская,16.5,,,0,1,3,unknown,unknown,flat,,3000000
Нижний Новгород,Советский,Горьковская,31.5,,,1,2,2,unknown,unknown,flat,,4300000
Нижний Новгород,Советский,Горьковская,61.1,,,3,1,2,unknown,unknown,flat,,4300000
Нижний Новгород,Советский,Горьковская,61.1,,,3,1,2,unknown,unknown,flat,,4300000
Нижний Новгород,Советский,Горьковская,22.5,,,1,3,5,unknown,unknown,flat,,4400000
Нижний Новгород,Советский,unknown,19.4,,,0,19,19,unknown,unknown,flat,,4450000
Нижний Новгород,Советский,Горьковская,45,,,2,1,2,unknown,unknown,flat,,5000000
Нижний Новгород,Советский,Горьковская,23.9,,,0,13,25,unknown,unknown,flat,,5049900
Нижний Новгород,Советский,Горьковская,21,,,0,3,9,unknown,unknown,flat,,5200000
Нижний Новгород,Советский,Горьковская,37.9,,,2,2,2,unknown,unknown,flat,,5250000
Нижний Новгород,Советский,Горьковская,26.7,,,0,10,19,unknown,unknown,flat,,5300000
Нижний Новгород,Советский,Горьковская,37.9,,,2,1,5,unknown,unknown,flat,,5300000
Нижний Новгород,Советский,Горьковская,65,,,3,1,2,unknown,unknown,flat,,5600000
Нижний Новгород,Советский,Горьковская,24,,,0,4,10,unknown,unknown,flat,,5700000
Нижний Новгород,Советский,Горьковская,31.2,,,2,5,5,unknown,unknown,flat,,5949000
Нижний Новгород,Советский,Горьковская,43.8,,,2,5,5,unknown,unknown,flat,,6000000
Нижний Новгород,Советский,Горьковская,43.8,,,2,5,5,unknown,unknown,flat,,6000000
Нижний Новгород,Советский,Горьковская,43.5,,,2,2,5,unknown,unknown,flat,,6190000
Нижний Новгород,Советский,Горьковская,27.1,,,0,8,10,unknown,unknown,flat,,6300000
Нижний Новгород,Советский,Горьковская,47,,,2,9,9,unknown,unknown,flat,,6300000
Нижний Новгород,Советский,Горьковская,20.2,,,0,10,15,unknown,unknown,flat,,6500000
Нижний Новгород,Советский,Горьковская,27.7,,,0,4,10,unknown,unknown,flat,,6600000
Нижний Новгород,Советский,Горьковская,23.9,,,0,19,24,unknown,unknown,flat,,6690000
Нижний Новгород,Советский,Горьковская,31.1,,,0,1,17,unknown,unknown,flat,,7069225
Нижний Новгород,Советский,Горьковская,52.2,,,3,7,9,unknown,unknown,flat,,7120000
Нижний Новгород,Советский,Горьковская,27.22,,,0,6,18,unknown,unknown,flat,,7190000
Нижний Новгород,Советский,Горьковская,35.2,,,1,8,9,unknown,unknown,flat,,7200000
Нижний Новгород,Советский,Горьковская,35.2,,,1,8,9,unknown,unknown,flat,,7200000
Нижний Новгород,Советский,unknown,38.2,,,1,15,19,unknown,unknown,flat,,7300000
Нижний Новгород,Советский,Горьковская,26.5,,,0,5,24,unknown,unknown,flat,,7390000
Нижний Новгород,Советский,Горьковская,40.6,,,2,5,9,unknown,unknown,flat,,7500000
Нижний Новгород,Советский,Горьковская,40.6,,,2,5,9,unknown,unknown,flat,,7500000
Нижний Новгород,Советский,Горьковская,45.9,,,2,13,24,unknown,unknown,flat,,7600000
Нижний Новгород,Советский,Горьковская,27.7,,,0,2,18,unknown,unknown,flat,,7700000
Нижний Новгород,Советский,Горьковская,53.2,,,3,7,9,unknown,unknown,flat,,7700000
Нижний Новгород,Советский,Горьковская,25.8,,,0,17,18,unknown,unknown,flat,,7900000
Нижний Новгород,Советский,Горьковская,47.1,,,2,3,4,unknown,unknown,flat,,8000000
Нижний Новгород,Советский,Горьковская,32.5,,,1,8,9,unknown,unknown,flat,,8100000
Нижний Новгород,Советский,Горьковская,27.6,,,0,7,17,unknown,unknown,flat,,8200000
Нижний Новгород,Советский,Горьковская,42,,,2,7,9,unknown,unknown,flat,,8400000
Нижний Новгород,Советский,Горьковская,66.6,,,2,10,24,unknown,unknown,flat,,8900000
Нижний Новгород,Советский,Горьковская,73.6,,,3,12,12,unknown,unknown,flat,,9200000
Нижний Новгород,Советский,Горьковская,46,,,1,7,24,unknown,unknown,flat,,9290000
Нижний Новгород,Советский,Горьковская,52,,,2,2,10,unknown,unknown,flat,,10490000
Нижний Новгород,Советский,Горьковская,64.5,,,3,8,10,unknown,unknown,flat,,10590000
Нижний Новгород,Советский,Горьковская,66.8,,,3,7,10,unknown,unknown,flat,,10800000
Нижний Новгород,Советский,Горьковская,72.9,,,3,3,4,unknown,unknown,flat,,10800000
Нижний Новгород,Советский,Горьковская,48.1,,,1,2,18,unknown,unknown,flat,,10990000
Нижний Новгород,Советский,Горьковская,44.4,,,1,9,9,unknown,unknown,flat,,11000000
Нижний Новгород,Советский,Горьковская,55,,,2,9,10,unknown,unknown,flat,,11000000
Нижний Новгород,Советский,Горьковская,65.8,,,0,1,19,unknown,unknown,flat,,11467750
Нижний Новгород,Советский,Горьковская,43.1,,,1,2,18,unknown,unknown,flat,,11852500
Нижний Новгород,Советский,Горьковская,47,,,1,4,28,unknown,unknown,flat,,11900000
Нижний Новгород,Советский,Горьковская,47,,,1,4,28,unknown,unknown,flat,,11900000
Нижний Новгород,Советский,Горьковская,50,,,1,11,19,unknown,unknown,flat,,12000000
Нижний Новгород,Советский,Горьковская,71.4,,,2,12,17,unknown,unknown,flat,,12419627
Нижний Новгород,Советский,Горьковская,73.9,,,3,2,17,unknown,unknown,flat,,12452604
Нижний Новгород,Советский,Горьковская,71.6,,,2,15,17,unknown,unknown,flat,,12830000
Нижний Новгород,Советский,Горьковская,50,,,1,12,22,unknown,unknown,flat,,12900000
Нижний Новгород,Советский,Горьковская,50,,,1,12,22,unknown,unknown,flat,,12900000
Нижний Новгород,Советский,Горьковская,61.9,,,1,9,10,unknown,unknown,flat,,13500000
Нижний Новгород,Советский,Горьковская,61.9,,,1,9,10,unknown,unknown,flat,,13500000
Нижний Новгород,Советский,Горьковская,60.4,,,2,16,24,unknown,unknown,flat,,13790000
Нижний Новгород,Советский,Горьковская,38.7,,,1,4,9,unknown,unknown,flat,,14300000
Нижний Новгород,Советский,Горьковская,89.9,,,2,2,12,unknown,unknown,flat,,16280000
Нижний Новгород,Советский,Горьковская,51,,,1,1,9,unknown,unknown,flat,,16514156
Нижний Новгород,Советский,Горьковская,89.6,,,3,10,10,unknown,unknown,flat,,16790000
Нижний Новгород,Советский,Горьковская,76,,,2,8,9,unknown,unknown,flat,,17100000
Нижний Новгород,Советский,Горьковская,78.4,,,2,4,9,unknown,unknown,flat,,17248000
Нижний Новгород,Советский,Горьковская,82,,,3,16,18,unknown,unknown,flat,,18450000
Нижний Новгород,Советский,Горьковская,62,,,2,3,9,unknown,unknown,flat,,20362349
Нижний Новгород,Советский,Горьковская,99.2,,,3,8,9,unknown,unknown,flat,,20832000
Нижний Новгород,Советский,Горьковская,91.1,,,3,1,9,unknown,unknown,flat,,23139400
Нижний Новгород,Советский,Горьковская,95.8,,,3,5,19,unknown,unknown,flat,,24350000
Нижний Новгород,Советский,Горьковская,110.7,,,3,7,17,unknown,unknown,flat,,24900000
Нижний Новгород,Советский,Горьковская,92.4,,,3,5,18,unknown,unknown,flat,,25100000
Нижний Новгород,Советский,Горьковская,94.8,,,3,3,9,unknown,unknown,flat,,30168451
Нижний Новгород,Сормовский,Буревестник,12.4,,,0,2,5,unknown,unknown,flat,,1850000
Нижний Новгород,Сормовский,Буревестник,14,,,0,5,5,unknown,unknown,flat,,1900000
Нижний Новгород,Сормовский,Буревестник,18.5,,,0,4,5,unknown,unknown,flat,,3100000
Нижний Новгород,Сормовский,Буревестник,18.2,,,0,4,5,unknown,unknown,flat,,3100000
Нижний Новгород,Сормовский,Буревестник,28.8,,,1,1,9,unknown,unknown,flat,,3400000
Нижний Новгород,Сормовский,Буревестник,21,,,1,1,9,unknown,unknown,flat,,3500000
Нижний Новгород,Сормовский,Буревестник,29.7,,,1,3,9,unknown,unknown,flat,,4200000
Нижний Новгород,Сормовский,Буревестник,40,,,2,4,9,unknown,unknown,flat,,4750000
Нижний Новгород,Сормовский,Буревестник,21.5,,,0,8,10,unknown,unknown,flat,,4750000
Нижний Новгород,Сормовский,Буревестник,55,,,2,3,3,unknown,unknown,flat,,4800000
Нижний Новгород,Сормовский,Буревестник,43.4,,,2,1,9,unknown,unknown,flat,,4890000
Нижний Новгород,Сормовский,Буревестник,31.5,,,1,5,5,unknown,unknown,flat,,4900000
Нижний Новгород,Сормовский,Буревестник,31.5,,,1,5,5,unknown,unknown,flat,,4900000
Нижний Новгород,Сормовский,Буревестник,34.6,,,1,9,9,unknown,unknown,flat,,5100000
Нижний Новгород,Сормовский,Буревестник,31.9,,,1,1,9,unknown,unknown,flat,,5100000
Нижний Новгород,Сормовский,Буревестник,45,,,2,5,5,unknown,unknown,flat,,5130000
Нижний Новгород,Сормовский,Буревестник,45.5,,,2,4,9,unknown,unknown,flat,,5200000
Нижний Новгород,Сормовский,Буревестник,44.1,,,2,5,5,unknown,unknown,flat,,5200000
Нижний Новгород,Сормовский,Буревестник,51,,,2,5,5,unknown,unknown,flat,,5200000
Нижний Новгород,Сормовский,Буревестник,45,,,2,2,5,unknown,unknown,flat,,5300000
Нижний Новгород,Сормовский,Буревестник,20.9,,,0,9,10,unknown,unknown,flat,,5357489
Нижний Новгород,Сормовский,Буревестник,43.6,,,2,4,9,unknown,unknown,flat,,5399000
Нижний Новгород,Сормовский,Буревестник,41.3,,,2,7,9,unknown,unknown,flat,,5450000
Нижний Новгород,Сормовский,Буревестник,41.3,,,2,7,9,unknown,unknown,flat,,5450000
Нижний Новгород,Сормовский,Буревестник,31,,,1,2,5,unknown,unknown,flat,,5500000
Нижний Новгород,Сормовский,Буревестник,46.9,,,2,2,5,unknown,unknown,flat,,5500000
Нижний Новгород,Сормовский,Буревестник,50.4,,,2,1,9,unknown,unknown,flat,,5550000
Нижний Новгород,Сормовский,Буревестник,45.7,,,2,5,5,unknown,unknown,flat,,5650000
Нижний Новгород,Сормовский,Буревестник,27.37,,,1,1,17,unknown,unknown,flat,,5650810
Нижний Новгород,Сормовский,Буревестник,31.9,,,1,9,10,unknown,unknown,flat,,5700000
Нижний Новгород,Сормовский,Буревестник,31.9,,,1,9,10,unknown,unknown,flat,,5700000
Нижний Новгород,Сормовский,Буревестник,31.9,,,1,9,10,unknown,unknown,flat,,5700000
Нижний Новгород,Сормовский,Буревестник,67.3,,,3,3,9,unknown,unknown,flat,,6200000
Нижний Новгород,Сормовский,Буревестник,64.6,,,3,2,9,unknown,unknown,flat,,6300000
Нижний Новгород,Сормовский,Буревестник,64.6,,,3,2,9,unknown,unknown,flat,,6300000
Нижний Новгород,Сормовский,Буревестник,31.9,,,1,5,10,unknown,unknown,flat,,6400000
Нижний Новгород,Сормовский,Буревестник,54.3,,,3,2,2,unknown,unknown,flat,,6400000
Нижний Новгород,Сормовский,Буревестник,29.6,,,0,7,10,unknown,unknown,flat,,6442363
Нижний Новгород,Сормовский,Буревестник,38.8,,,1,12,14,unknown,unknown,flat,,6500000
Нижний Новгород,Сормовский,Буревестник,37.1,,,1,5,10,unknown,unknown,flat,,6500000
Нижний Новгород,Сормовский,Буревестник,37.1,,,1,5,10,unknown,unknown,flat,,6500000
Нижний Новгород,Сормовский,Буревестник,48,,,2,8,9,unknown,unknown,flat,,6500000
Нижний Новгород,Сормовский,Буревестник,57.5,,,3,2,9,unknown,unknown,flat,,6750000
Нижний Новгород,Сормовский,Буревестник,33.4,,,0,7,12,unknown,unknown,flat,,7162751
Нижний Новгород,Сормовский,Буревестник,57,,,3,6,9,unknown,unknown,flat,,7500000
Нижний Новгород,Сормовский,Буревестник,48,,,1,4,10,unknown,unknown,flat,,7750000
Нижний Новгород,Сормовский,Буревестник,36.5,,,1,12,12,unknown,unknown,flat,,7912898
Нижний Новгород,Сормовский,Буревестник,61.1,,,3,6,9,unknown,unknown,flat,,8200000
Нижний Новгород,Сормовский,Буревестник,73,,,3,3,10,unknown,unknown,flat,,8700000
Нижний Новгород,Сормовский,Буревестник,58.3,,,3,3,9,unknown,unknown,flat,,9000000
Нижний Новгород,Сормовский,Буревестник,58,,,3,2,9,unknown,unknown,flat,,9200000
Нижний Новгород,Сормовский,Буревестник,53,,,2,4,12,unknown,unknown,flat,,9994898
Нижний Новгород,Сормовский,Буревестник,53,,,2,4,12,unknown,unknown,flat,,10046308
Нижний Новгород,Сормовский,Буревестник,57.4,,,2,14,19,unknown,unknown,flat,,10762500
Нижний Новгород,Сормовский,Буревестник,63.1,,,2,8,10,unknown,unknown,flat,,11600000
Нижний Новгород,Сормовский,Буревестник,63.1,,,2,8,10,unknown,unknown,flat,,11600000
Нижний Новгород,Сормовский,Буревестник,72.1,,,3,4,12,unknown,unknown,flat,,12227149
Нижний Новгород,Сормовский,Буревестник,89.7,,,3,12,14,unknown,unknown,flat,,14500000
Нижний Новгород,Сормовский,Буревестник,75.5,,,3,2,19,unknown,unknown,flat,,16360850
Нижний Новгород,д. Кусаковка,unknown,23,,,0,3,3,unknown,unknown,flat,,2990000
Нижний Новгород,д. Кусаковка,unknown,22.9,,,0,1,3,unknown,unknown,flat,,3100000
Нижний Новгород,д. Кусаковка,unknown,22.8,,,0,2,3,unknown,unknown,flat,,3200000
Нижний Новгород,д. Прокошево,unknown,45,,,2,1,3,unknown,unknown,flat,,990000
Санкт-Петербург,Адмиралтейский,Балтийская,29.7,,,0,3,8,unknown,unknown,flat,,9699000
Санкт-Петербург,Адмиралтейский,Фрунзенская,25.5,,,0,12,12,unknown,unknown,flat,,10900000
Санкт-Петербург,Адмиралтейский,Фрунзенская,27,,,0,6,10,unknown,unknown,flat,,12200000
Санкт-Петербург,Адмиралтейский,Балтийская,20.27,,,0,7,11,unknown,unknown,flat,,12691520
Санкт-Петербург,Адмиралтейский,Садовая,30.6,,,0,3,4,unknown,unknown,flat,,13530402
Санкт-Петербург,Адмиралтейский,Балтийская,20,,,0,9,9,unknown,unknown,flat,,14584000
Санкт-Петербург,Адмиралтейский,Садовая,37.1,,,1,2,4,unknown,unknown,flat,,15117879
Санкт-Петербург,Адмиралтейский,Садовая,37.8,,,1,3,4,unknown,unknown,flat,,15403046
Санкт-Петербург,Адмиралтейский,Технологический институт,37.6,,,1,2,11,unknown,unknown,flat,,16199208
Санкт-Петербург,Адмиралтейский,Садовая,45.5,,,1,4,4,unknown,unknown,flat,,17357340
Санкт-Петербург,Адмиралтейский,Балтийская,34.9,,,1,5,9,unknown,unknown,flat,,18421965
Санкт-Петербург,Адмиралтейский,Балтийская,67.4,,,2,11,20,unknown,unknown,flat,,21990000
Санкт-Петербург,Адмиралтейский,Технологический институт,65.3,,,2,8,11,unknown,unknown,flat,,29561310
Санкт-Петербург,Адмиралтейский,Технологический институт,65.3,,,2,8,11,unknown,unknown,flat,,29561310
Санкт-Петербург,Адмиралтейский,Балтийская,79.9,,,3,6,9,unknown,unknown,flat,,35750456
Санкт-Петербург,Адмиралтейский,Балтийская,92.12,,,3,3,11,unknown,unknown,flat,,45925355
Санкт-Петербург,Адмиралтейский,Балтийская,95.2,,,3,2,4,unknown,unknown,flat,,46500000
Санкт-Петербург,Адмиралтейский,Балтийская,99.42,,,3,6,9,unknown,unknown,flat,,50555070
Санкт-Петербург,Адмиралтейский,Садовая,140,,,3,2,4,unknown,unknown,flat,,96000000
Санкт-Петербург,Адмиралтейский,Садовая,140,,,3,2,4,unknown,unknown,flat,,96000000
Санкт-Петербург,Адмиралтейский,Василеостровская,236.1,,,3,4,4,unknown,unknown,flat,,129000000
Санкт-Петербург,Адмиралтейский,Василеостровская,236.1,,,3,4,4,unknown,unknown,flat,,129000000
Санкт-Петербург,Большая евро-3 в Приморском е2-комн. квартира,unknown,74.2,,,2,13,18,unknown,unknown,flat,,17290000
Санкт-Петербург,Василеостровский,Приморская,19.56,,,0,11,15,unknown,unknown,flat,,6800000
Санкт-Петербург,Василеостровский,Приморская,28.4,,,1,2,4,unknown,unknown,flat,,7000000
Санкт-Петербург,Василеостровский,Приморская,26,,,0,4,13,unknown,unknown,flat,,7850000
Санкт-Петербург,Василеостровский,Приморская,45,,,2,15,16,unknown,unknown,flat,,9000000
Санкт-Петербург,Василеостровский,Приморская,24.92,,,0,4,20,unknown,unknown,flat,,9299999
Санкт-Петербург,Василеостровский,Приморская,36.7,,,1,6,12,unknown,unknown,flat,,10000000
Санкт-Петербург,Василеостровский,Приморская,29.09,,,0,2,15,unknown,unknown,flat,,10960000
Санкт-Петербург,Василеостровский,Приморская,24.37,,,0,5,22,unknown,unknown,flat,,11972981
Санкт-Петербург,Василеостровский,Василеостровская,29.88,,,0,2,10,unknown,unknown,flat,,12053840
Санкт-Петербург,Василеостровский,Приморская,24.37,,,0,10,22,unknown,unknown,flat,,12345842
Санкт-Петербург,Василеостровский,Приморская,30.63,,,0,10,17,unknown,unknown,flat,,12410000
Санкт-Петербург,Василеостровский,Приморская,54,,,2,2,14,unknown,unknown,flat,,12600000
Санкт-Петербург,Василеостровский,Горный институт,21.79,,,0,6,9,unknown,unknown,flat,,12690215
Санкт-Петербург,Василеостровский,Приморская,27.04,,,0,16,17,unknown,unknown,flat,,12730432
Санкт-Петербург,Василеостровский,Приморская,33.9,,,1,3,17,unknown,unknown,flat,,12978954
Санкт-Петербург,Василеостровский,Приморская,37.5,,,1,11,15,unknown,unknown,flat,,13000000
Санкт-Петербург,Василеостровский,Василеостровская,61,,,2,3,8,unknown,unknown,flat,,14000000
Санкт-Петербург,Василеостровский,Горный институт,56.4,,,3,4,6,unknown,unknown,flat,,14500000
Санкт-Петербург,Василеостровский,Горный институт,56.4,,,3,4,6,unknown,unknown,flat,,14500000
Санкт-Петербург,Василеостровский,Горный институт,33.88,,,0,2,9,unknown,unknown,flat,,15603602
Санкт-Петербург,Василеостровский,Горный институт,32.28,,,0,2,10,unknown,unknown,flat,,16539304
Санкт-Петербург,Василеостровский,Приморская,33.16,,,1,6,22,unknown,unknown,flat,,18433644
Санкт-Петербург,Василеостровский,Приморская,33.16,,,1,6,22,unknown,unknown,flat,,18433644
Санкт-Петербург,Василеостровский,Горный институт,42.29,,,1,2,9,unknown,unknown,flat,,18977461
Санкт-Петербург,Василеостровский,Горный институт,42.29,,,1,2,9,unknown,unknown,flat,,18977461
Санкт-Петербург,Василеостровский,Приморская,52.85,,,2,3,17,unknown,unknown,flat,,19991570
Санкт-Петербург,Василеостровский,Приморская,59.18,,,2,2,15,unknown,unknown,flat,,20415325
Санкт-Петербург,Василеостровский,Спортивная,82.5,,,2,1,10,unknown,unknown,flat,,20800000
Санкт-Петербург,Василеостровский,Приморская,47.01,,,2,4,22,unknown,unknown,flat,,21457715
Санкт-Петербург,Василеостровский,Василеостровская,51.96,,,2,2,10,unknown,unknown,flat,,21517500
Санкт-Петербург,Василеостровский,Горный институт,54.73,,,2,5,10,unknown,unknown,flat,,21860257
Санкт-Петербург,Василеостровский,Приморская,52.85,,,2,3,17,unknown,unknown,flat,,22212855
Санкт-Петербург,Василеостровский,Приморская,52.85,,,2,3,17,unknown,unknown,flat,,22212855
Санкт-Петербург,Василеостровский,Приморская,61,,,2,2,15,unknown,unknown,flat,,22280000
Санкт-Петербург,Василеостровский,Горный институт,46.06,,,1,2,10,unknown,unknown,flat,,22318834
Санкт-Петербург,Василеостровский,Горный институт,72.4,,,2,3,3,unknown,unknown,flat,,23990000
Санкт-Петербург,Василеостровский,Приморская,60.62,,,1,8,8,unknown,unknown,flat,,24190000
Санкт-Петербург,Василеостровский,Приморская,60.62,,,1,8,8,unknown,unknown,flat,,24190000
Санкт-Петербург,Василеостровский,Приморская,54.5,,,2,9,13,unknown,unknown,flat,,24800000
Санкт-Петербург,Василеостровский,Приморская,70.3,,,3,3,9,unknown,unknown,flat,,25950000
Санкт-Петербург,Василеостровский,Василеостровская,71.6,,,0,1,7,unknown,unknown,flat,,27900960
Санкт-Петербург,Василеостровский,Приморская,107.2,,,3,3,17,unknown,unknown,flat,,28500000
Санкт-Петербург,Василеостровский,Горный институт,79.23,,,3,2,10,unknown,unknown,flat,,29599536
Санкт-Петербург,Василеостровский,Приморская,74.4,,,3,17,17,unknown,unknown,flat,,30340320
Санкт-Петербург,Василеостровский,Приморская,64.8,,,2,17,17,unknown,unknown,flat,,30818880
Санкт-Петербург,Василеостровский,Василеостровская,80.5,,,1,3,7,unknown,unknown,flat,,30843722
Санкт-Петербург,Василеостровский,Василеостровская,80.5,,,1,3,7,unknown,unknown,flat,,30843722
Санкт-Петербург,Василеостровский,Василеостровская,81.98,,,3,4,10,unknown,unknown,flat,,31825000
Санкт-Петербург,Василеостровский,Приморская,75.18,,,3,7,17,unknown,unknown,flat,,32267256
Санкт-Петербург,Василеостровский,Горный институт,65.3,,,1,2,9,unknown,unknown,flat,,33400000
Санкт-Петербург,Василеостровский,Горный институт,70.91,,,2,6,9,unknown,unknown,flat,,34307203
Санкт-Петербург,Василеостровский,Василеостровская,85.3,,,2,4,7,unknown,unknown,flat,,35900000
Санкт-Петербург,Василеостровский,Приморская,83.06,,,3,5,20,unknown,unknown,flat,,36006510
Санкт-Петербург,Василеостровский,Приморская,83.06,,,3,5,20,unknown,unknown,flat,,36006510
Санкт-Петербург,Василеостровский,Приморская,133.2,,,3,23,23,unknown,unknown,flat,,38250000
Санкт-Петербург,Василеостровский,Василеостровская,99.9,,,2,3,7,unknown,unknown,flat,,38276867
Санкт-Петербург,Василеостровский,Василеостровская,89.68,,,3,6,10,unknown,unknown,flat,,38819280
Санкт-Петербург,Василеостровский,Горный институт,99.65,,,3,3,9,unknown,unknown,flat,,42422807
Санкт-Петербург,Василеостровский,Василеостровская,105.9,,,2,1,7,unknown,unknown,flat,,42455236
Санкт-Петербург,Василеостровский,Приморская,98.55,,,3,4,18,unknown,unknown,flat,,44731845
Санкт-Петербург,Василеостровский,Василеостровская,136.6,,,3,2,7,unknown,unknown,flat,,51367914
Санкт-Петербург,Василеостровский,Василеостровская,80.3,,,1,6,7,unknown,unknown,flat,,52577722
Санкт-Петербург,Василеостровский,Василеостровская,113.9,,,2,5,7,unknown,unknown,flat,,59961303
Санкт-Петербург,Василеостровский,Василеостровская,152.1,,,3,1,7,unknown,unknown,flat,,66252129
Санкт-Петербург,Василеостровский,Горный институт,120.75,,,3,7,7,unknown,unknown,flat,,74985750
Санкт-Петербург,Василеостровский,Василеостровская,141.1,,,3,5,7,unknown,unknown,flat,,86962688
Санкт-Петербург,Василеостровский,Горный институт,135,,,3,3,4,unknown,unknown,flat,,96000000
Санкт-Петербург,Василеостровский,Василеостровская,118,,,2,5,7,unknown,unknown,flat,,115500000
Санкт-Петербург,Василеостровский,Василеостровская,118,,,2,5,7,unknown,unknown,flat,,115500000
Санкт-Петербург,Выборгский,Парнас,26.5,,,0,14,25,unknown,unknown,flat,,5600000
Санкт-Петербург,Выборгский,Парнас,24.5,,,0,25,27,unknown,unknown,flat,,6200000
Санкт-Петербург,Выборгский,Парнас,25,,,0,16,25,unknown,unknown,flat,,6850000
Санкт-Петербург,Выборгский,Площадь Мужества,31.2,,,1,4,5,unknown,unknown,flat,,8000000
Санкт-Петербург,Выборгский,Озерки,37.1,,,1,4,13,unknown,unknown,flat,,8350000
Санкт-Петербург,Выборгский,Проспект Просвещения,36,,,1,1,16,unknown,unknown,flat,,8500000
Санкт-Петербург,Выборгский,Озерки,57.2,,,3,1,9,unknown,unknown,flat,,9950000
Санкт-Петербург,Выборгский,Проспект Просвещения,57.2,,,2,4,9,unknown,unknown,flat,,10350000
Санкт-Петербург,Выборгский,Пионерская,36.6,,,1,18,22,unknown,unknown,flat,,10500000
Санкт-Петербург,Выборгский,Проспект Просвещения,63,,,3,5,9,unknown,unknown,flat,,10600000
Санкт-Петербург,Выборгский,Проспект Просвещения,60.06,,,2,5,14,unknown,unknown,flat,,11500000
Санкт-Петербург,Выборгский,Лесная,26,,,0,4,9,unknown,unknown,flat,,11960000
Санкт-Петербург,Выборгский,Проспект Просвещения,42.5,,,1,6,29,unknown,unknown,flat,,12500000
Санкт-Петербург,Выборгский,Проспект Просвещения,70.2,,,2,6,7,unknown,unknown,flat,,14000000
Санкт-Петербург,Выборгский,Политехническая,69.6,,,3,4,9,unknown,unknown,flat,,15450000
Санкт-Петербург,Выборгский,Лесная,36.81,,,1,12,12,unknown,unknown,flat,,17000000
Санкт-Петербург,Выборгский,Лесная,36.81,,,1,12,12,unknown,unknown,flat,,17000000
Санкт-Петербург,Выборгский,Удельная,38.6,,,1,8,12,unknown,unknown,flat,,17500000
Санкт-Петербург,Выборгский,Удельная,63.3,,,3,2,5,unknown,unknown,flat,,17700000
Санкт-Петербург,Выборгский,Проспект Просвещения,68.2,,,2,6,23,unknown,unknown,flat,,21350000
Санкт-Петербург,Выборгский,Выборгская,35.63,,,1,8,10,unknown,unknown,flat,,26886398
Санкт-Петербург,Выборгский,Выборгская,71.89,,,2,3,10,unknown,unknown,flat,,32200000
Санкт-Петербург,Выборгский,Выборгская,69.9,,,2,4,10,unknown,unknown,flat,,34460700
Санкт-Петербург,Выборгский,Выборгская,98.85,,,3,2,7,unknown,unknown,flat,,47250300
Санкт-Петербург,Выборгский,Выборгская,106.13,,,3,3,10,unknown,unknown,flat,,48342215
Санкт-Петербург,Калининский,Гражданский проспект,34,,,1,8,9,unknown,unknown,flat,,6250000
Санкт-Петербург,Калининский,Лесная,21,,,0,12,17,unknown,unknown,flat,,6970000
Санкт-Петербург,Калининский,Лесная,30.5,,,0,1,25,unknown,unknown,flat,,7150000
Санкт-Петербург,Калининский,Лесная,30.5,,,0,1,25,unknown,unknown,flat,,7150000
Санкт-Петербург,Калининский,Выборгская,41.6,,,2,3,5,unknown,unknown,flat,,7500000
Санкт-Петербург,Калининский,Выборгская,22.07,,,0,9,19,unknown,unknown,flat,,7500000
Санкт-Петербург,Калининский,Гражданский проспект,24,,,0,3,16,unknown,unknown,flat,,7800000
Санкт-Петербург,Калининский,Лесная,26,,,0,18,25,unknown,unknown,flat,,8225000
Санкт-Петербург,Калининский,Лесная,29.2,,,0,3,19,unknown,unknown,flat,,8500000
Санкт-Петербург,Калининский,Лесная,26.6,,,0,2,9,unknown,unknown,flat,,9753606
Санкт-Петербург,Калининский,Академическая,60,,,3,5,5,unknown,unknown,flat,,11500000
Санкт-Петербург,Калининский,Выборгская,54.7,,,2,14,14,unknown,unknown,flat,,12650000
Санкт-Петербург,Калининский,Гражданский проспект,74.3,,,3,3,10,unknown,unknown,flat,,12900000
Санкт-Петербург,Калининский,Гражданский проспект,74.3,,,3,3,10,unknown,unknown,flat,,12900000
Санкт-Петербург,Калининский,Лесная,36.71,,,1,2,17,unknown,unknown,flat,,13386687
Санкт-Петербург,Калининский,Гражданский проспект,44,,,2,6,11,unknown,unknown,flat,,13500000
Санкт-Петербург,Калининский,Лесная,40,,,1,10,24,unknown,unknown,flat,,14800000
Санкт-Петербург,Калининский,Лесная,43.34,,,1,6,9,unknown,unknown,flat,,15514877
Санкт-Петербург,Калининский,Лесная,61.4,,,2,2,15,unknown,unknown,flat,,20667240
Санкт-Петербург,Калининский,Лесная,86.88,,,3,2,10,unknown,unknown,flat,,27940608
Санкт-Петербург,Калининский,Выборгская,85.3,,,3,6,12,unknown,unknown,flat,,28000000
Санкт-Петербург,Кировский,Проспект Ветеранов,30,,,1,2,5,unknown,unknown,flat,,5800000
Санкт-Петербург,Кировский,Юго-Западная,30.6,,,1,4,5,unknown,unknown,flat,,6100000
Санкт-Петербург,Кировский,Проспект Ветеранов,30.3,,,1,9,9,unknown,unknown,flat,,6200000
Санкт-Петербург,Кировский,Автово,35.2,,,1,1,5,unknown,unknown,flat,,6750000
Санкт-Петербург,Кировский,Проспект Ветеранов,59.3,,,3,3,9,unknown,unknown,flat,,9500000
Санкт-Петербург,Кировский,Проспект Ветеранов,45.7,,,2,9,9,unknown,unknown,flat,,9549000
Санкт-Петербург,Кировский,Проспект Ветеранов,47.6,,,2,5,10,unknown,unknown,flat,,10300000
Санкт-Петербург,Кировский,Проспект Ветеранов,62.5,,,3,7,9,unknown,unknown,flat,,10300000
Санкт-Петербург,Кировский,Проспект Ветеранов,67,,,3,4,5,unknown,unknown,flat,,10800000
Санкт-Петербург,Кировский,Ленинский проспект,59.9,,,3,5,5,unknown,unknown,flat,,12400000
Санкт-Петербург,Красногвардейский,Девяткино,20.4,,,0,4,22,unknown,unknown,flat,,4290000
Санкт-Петербург,Красногвардейский,Девяткино,20.5,,,0,4,18,unknown,unknown,flat,,4350000
Санкт-Петербург,Красногвардейский,Девяткино,21.6,,,0,21,24,unknown,unknown,flat,,4490000
Санкт-Петербург,Красногвардейский,Гражданский проспект,20,,,0,13,18,unknown,unknown,flat,,4800000
Санкт-Петербург,Красногвардейский,Девяткино,32.7,,,1,9,19,unknown,unknown,flat,,5500000
Санкт-Петербург,Красногвардейский,Девяткино,34.5,,,1,9,18,unknown,unknown,flat,,5650000
Санкт-Петербург,Красногвардейский,Новочеркасская,29.5,,,1,2,7,unknown,unknown,flat,,6090000
Санкт-Петербург,Красногвардейский,Ладожская,30.3,,,1,3,4,unknown,unknown,flat,,6100000
Санкт-Петербург,Красногвардейский,Девяткино,21.68,,,0,1,12,unknown,unknown,flat,,6300000
Санкт-Петербург,Красногвардейский,Ладожская,33.3,,,1,1,14,unknown,unknown,flat,,6500000
Санкт-Петербург,Красногвардейский,Ладожская,30.85,,,1,7,9,unknown,unknown,flat,,6800000
Санкт-Петербург,Красногвардейский,Ладожская,39.4,,,1,4,17,unknown,unknown,flat,,7200000
Санкт-Петербург,Красногвардейский,Девяткино,42,,,1,17,18,unknown,unknown,flat,,7500000
Санкт-Петербург,Красногвардейский,Ладожская,24.4,,,0,10,22,unknown,unknown,flat,,8200000
Санкт-Петербург,Красногвардейский,Новочеркасская,21.9,,,0,5,10,unknown,unknown,flat,,8705907
Санкт-Петербург,Красногвардейский,Новочеркасская,56.9,,,3,2,8,unknown,unknown,flat,,8999999
Санкт-Петербург,Красногвардейский,Проспект Большевиков,64.8,,,3,4,14,unknown,unknown,flat,,9200000
Санкт-Петербург,Красногвардейский,Ладожская,40.6,,,1,3,25,unknown,unknown,flat,,9700000
Санкт-Петербург,Красногвардейский,Девяткино,50.5,,,2,18,26,unknown,unknown,flat,,9900000
Санкт-Петербург,Красногвардейский,Ладожская,37.1,,,1,4,12,unknown,unknown,flat,,13148982
Санкт-Петербург,Красногвардейский,Новочеркасская,55.7,,,2,3,12,unknown,unknown,flat,,19911636
Санкт-Петербург,Красногвардейский,Новочеркасская,35.68,,,1,9,11,unknown,unknown,flat,,21025310
Санкт-Петербург,Красногвардейский,Новочеркасская,35.68,,,1,9,11,unknown,unknown,flat,,21235563
Санкт-Петербург,Красногвардейский,Новочеркасская,69.8,,,3,3,10,unknown,unknown,flat,,24493518
Санкт-Петербург,Красногвардейский,Новочеркасская,52.72,,,2,7,11,unknown,unknown,flat,,25877821
Санкт-Петербург,Красногвардейский,Новочеркасская,56,,,2,8,12,unknown,unknown,flat,,29000000
Санкт-Петербург,Красногвардейский,Новочеркасская,85.5,,,3,3,14,unknown,unknown,flat,,36961650
Санкт-Петербург,Красногвардейский,Новочеркасская,91.68,,,3,2,11,unknown,unknown,flat,,53675433
Санкт-Петербург,Красногвардейский,Новочеркасская,100.8,,,3,12,14,unknown,unknown,flat,,56145600
Санкт-Петербург,Красносельский,Юго-Западная,29,,,1,5,5,unknown,unknown,flat,,4190000
Санкт-Петербург,Красносельский,Юго-Западная,29,,,1,5,5,unknown,unknown,flat,,4190000
Санкт-Петербург,Красносельский,Юго-Западная,24.1,,,0,1,13,unknown,unknown,flat,,4950000
Санкт-Петербург,Красносельский,Юго-Западная,24,,,0,12,12,unknown,unknown,flat,,5400000
Санкт-Петербург,Красносельский,Юго-Западная,24,,,0,8,8,unknown,unknown,flat,,6200000
Санкт-Петербург,Красносельский,Юго-Западная,46.7,,,1,11,16,unknown,unknown,flat,,6800000
Санкт-Петербург,Красносельский,Юго-Западная,22,,,0,5,25,unknown,unknown,flat,,7000000
Санкт-Петербург,Красносельский,Юго-Западная,26.24,,,0,2,20,unknown,unknown,flat,,9000000
Санкт-Петербург,Красносельский,Юго-Западная,50.1,,,2,7,12,unknown,unknown,flat,,12250000
Санкт-Петербург,Красносельский,Юго-Западная,48.03,,,2,4,23,unknown,unknown,flat,,15315326
Санкт-Петербург,Красносельский,Юго-Западная,75,,,3,18,24,unknown,unknown,flat,,15590000
Санкт-Петербург,Красносельский,Юго-Западная,57.23,,,2,2,20,unknown,unknown,flat,,17600000
Санкт-Петербург,Красносельский,Юго-Западная,74.53,,,2,21,24,unknown,unknown,flat,,20630000
Санкт-Петербург,Красносельский,Юго-Западная,166.97,,,3,18,20,unknown,unknown,flat,,37250000
Санкт-Петербург,Кронштадтский,unknown,25.42,,,0,3,4,unknown,unknown,flat,,7715478
Санкт-Петербург,Кронштадтский,unknown,26.21,,,0,3,4,unknown,unknown,flat,,7835742
Санкт-Петербург,Кронштадтский,unknown,74.37,,,3,2,4,unknown,unknown,flat,,19151762
Санкт-Петербург,Кронштадтский,unknown,65.18,,,2,4,4,unknown,unknown,flat,,22994852
Санкт-Петербург,Курортный,Беговая,29.1,,,0,4,12,unknown,unknown,flat,,4970000
Санкт-Петербург,Курортный,Беговая,23.62,,,0,4,5,unknown,unknown,flat,,9802294
Санкт-Петербург,Курортный,Зенит,29.3,,,1,2,5,unknown,unknown,flat,,10080000
Санкт-Петербург,Курортный,Комендантский проспект,35.26,,,0,1,5,unknown,unknown,flat,,15105384
Санкт-Петербург,Курортный,unknown,36.4,,,1,3,4,unknown,unknown,flat,,15106000
Санкт-Петербург,Курортный,unknown,37.57,,,1,2,4,unknown,unknown,flat,,15403700
Санкт-Петербург,Курортный,unknown,37.57,,,1,2,4,unknown,unknown,flat,,15403700
Санкт-Петербург,Курортный,Зенит,50.9,,,2,2,5,unknown,unknown,flat,,16797000
Санкт-Петербург,Курортный,Зенит,50.9,,,2,2,5,unknown,unknown,flat,,16797000
Санкт-Петербург,Курортный,Комендантский проспект,40.19,,,1,5,5,unknown,unknown,flat,,18583856
Санкт-Петербург,Курортный,Комендантский проспект,40.19,,,1,5,5,unknown,unknown,flat,,18583856
Санкт-Петербург,Курортный,unknown,59.34,,,2,4,4,unknown,unknown,flat,,24210720
Санкт-Петербург,Курортный,unknown,60.36,,,2,2,4,unknown,unknown,flat,,24506160
Санкт-Петербург,Курортный,Комендантский проспект,66.98,,,3,3,5,unknown,unknown,flat,,26795987
Санкт-Петербург,Курортный,Зенит,86.79,,,3,3,5,unknown,unknown,flat,,26940000
Санкт-Петербург,Курортный,Комендантский проспект,67.66,,,3,3,5,unknown,unknown,flat,,27063986
Санкт-Петербург,Курортный,Комендантский проспект,60.12,,,2,4,5,unknown,unknown,flat,,39757356
Санкт-Петербург,Курортный,unknown,98.78,,,3,2,4,unknown,unknown,flat,,41487600
Санкт-Петербург,Московский,Московская,25.8,,,0,4,5,unknown,unknown,flat,,5290000
Санкт-Петербург,Московский,Звездная,30.4,,,1,4,5,unknown,unknown,flat,,5500000
Санкт-Петербург,Московский,Московская,24.19,,,0,2,5,unknown,unknown,flat,,5800000
Санкт-Петербург,Московский,Ленинский проспект,22.6,,,1,9,9,unknown,unknown,flat,,6200000
Санкт-Петербург,Московский,Звездная,23.38,,,0,3,5,unknown,unknown,flat,,6750000
Санкт-Петербург,Московский,Московская,31.1,,,1,1,5,unknown,unknown,flat,,7250000
Санкт-Петербург,Московский,Парк Победы,44.6,,,2,1,5,unknown,unknown,flat,,7400000
Санкт-Петербург,Московский,Звездная,30.9,,,1,4,5,unknown,unknown,flat,,7600000
Санкт-Петербург,Московский,Ленинский проспект,23.96,,,0,3,12,unknown,unknown,flat,,7700000
Санкт-Петербург,Московский,Проспект Ветеранов,31.21,,,1,1,5,unknown,unknown,flat,,7800000
Санкт-Петербург,Московский,Бухарестская,24.2,,,0,2,12,unknown,unknown,flat,,8400000
Санкт-Петербург,Московский,Звездная,29,,,0,6,10,unknown,unknown,flat,,8550000
Санкт-Петербург,Московский,Звездная,33.8,,,1,1,5,unknown,unknown,flat,,8950000
Санкт-Петербург,Московский,Ленинский проспект,23.4,,,0,12,12,unknown,unknown,flat,,9150000
Санкт-Петербург,Московский,Московская,44.6,,,2,2,5,unknown,unknown,flat,,9350000
Санкт-Петербург,Московский,Звездная,35.9,,,1,6,12,unknown,unknown,flat,,9500000
Санкт-Петербург,Московский,Ленинский проспект,24.6,,,0,10,10,unknown,unknown,flat,,9570000
Санкт-Петербург,Московский,Звездная,30.27,,,0,2,12,unknown,unknown,flat,,9767531
Санкт-Петербург,Московский,Московская,43.54,,,2,4,9,unknown,unknown,flat,,9990000
Санкт-Петербург,Московский,Купчино,34.5,,,1,6,17,unknown,unknown,flat,,10900000
Санкт-Петербург,Московский,Звездная,40.3,,,1,9,13,unknown,unknown,flat,,11000000
Санкт-Петербург,Московский,Звездная,40.3,,,1,9,13,unknown,unknown,flat,,11000000
Санкт-Петербург,Московский,Электросила,44.4,,,2,4,5,unknown,unknown,flat,,12500000
Санкт-Петербург,Московский,Звездная,38.37,,,1,5,12,unknown,unknown,flat,,13742098
Санкт-Петербург,Московский,Электросила,38.8,,,1,2,7,unknown,unknown,flat,,13800000
Санкт-Петербург,Московский,Электросила,38.8,,,1,2,7,unknown,unknown,flat,,13800000
Санкт-Петербург,Московский,Московские ворота,22.01,,,0,8,11,unknown,unknown,flat,,14306502
Санкт-Петербург,Московский,Звездная,39.05,,,1,7,12,unknown,unknown,flat,,15352088
Санкт-Петербург,Московский,Московские ворота,22.01,,,0,7,11,unknown,unknown,flat,,16126727
Санкт-Петербург,Московский,Электросила,54.2,,,2,20,20,unknown,unknown,flat,,18900000
Санкт-Петербург,Московский,Московская,51,,,1,8,23,unknown,unknown,flat,,20000000
Санкт-Петербург,Московский,Московская,51,,,1,8,23,unknown,unknown,flat,,20000000
Санкт-Петербург,Московский,Электросила,60,,,2,7,19,unknown,unknown,flat,,23988000
Санкт-Петербург,Московский,Московские ворота,40.44,,,1,8,11,unknown,unknown,flat,,27086712
Санкт-Петербург,Московский,Московские ворота,40.44,,,1,8,11,unknown,unknown,flat,,27086712
Санкт-Петербург,Московский,Московские ворота,40.44,,,1,8,11,unknown,unknown,flat,,27086712
Санкт-Петербург,Московский,Ленинский проспект,108,,,3,6,14,unknown,unknown,flat,,27500000
Санкт-Петербург,Московский,Звездная,79.25,,,3,7,12,unknown,unknown,flat,,27745998
Санкт-Петербург,Московский,Московская,36.76,,,1,18,24,unknown,unknown,flat,,28683828
Санкт-Петербург,Московский,Звездная,78.59,,,3,7,17,unknown,unknown,flat,,29445060
Санкт-Петербург,Московский,Московские ворота,45.32,,,1,8,11,unknown,unknown,flat,,30278292
Санкт-Петербург,Московский,Московские ворота,53.75,,,2,4,11,unknown,unknown,flat,,30637489
Санкт-Петербург,Московский,Электросила,82.5,,,2,4,9,unknown,unknown,flat,,31700000
Санкт-Петербург,Московский,Московская,56.65,,,2,7,24,unknown,unknown,flat,,33990000
Санкт-Петербург,Московский,Московская,56.65,,,2,7,24,unknown,unknown,flat,,33990000
Санкт-Петербург,Московский,Московская,122.6,,,3,22,22,unknown,unknown,flat,,44500000
Санкт-Петербург,Московский,Московская,62.91,,,1,20,24,unknown,unknown,flat,,46842786
Санкт-Петербург,Московский,Московская,99.9,,,2,2,7,unknown,unknown,flat,,53500000
Санкт-Петербург,Московский,Московская,99.9,,,2,2,7,unknown,unknown,flat,,53500000
Санкт-Петербург,Московский,Московская,85.29,,,2,18,24,unknown,unknown,flat,,55438509
Санкт-Петербург,Московский,Московские ворота,84.36,,,2,9,11,unknown,unknown,flat,,72925002
Санкт-Петербург,Московский,Московская,85.12,,,3,22,24,unknown,unknown,flat,,79225440
Санкт-Петербург,Московский,Московская,85.12,,,3,22,24,unknown,unknown,flat,,79225440
Санкт-Петербург,Московский,Московские ворота,112.71,,,3,11,11,unknown,unknown,flat,,119275358
Санкт-Петербург,Московский,Московская,145.19,,,3,22,24,unknown,unknown,flat,,135135593
Санкт-Петербург,Невский,Рыбацкое,25,,,0,21,27,unknown,unknown,flat,,5300000
Санкт-Петербург,Невский,Ломоносовская,21.2,,,0,7,25,unknown,unknown,flat,,6029280
Санкт-Петербург,Невский,Ломоносовская,25.5,,,0,20,25,unknown,unknown,flat,,6699000
Санкт-Петербург,Невский,Улица Дыбенко,29,,,1,7,16,unknown,unknown,flat,,7100000
Санкт-Петербург,Невский,Ломоносовская,35,,,1,12,24,unknown,unknown,flat,,7300000
Санкт-Петербург,Невский,Ломоносовская,41.9,,,1,6,23,unknown,unknown,flat,,8500000
Санкт-Петербург,Невский,Ломоносовская,33.3,,,1,17,25,unknown,unknown,flat,,8709282
Санкт-Петербург,Невский,Проспект Большевиков,33.8,,,1,15,16,unknown,unknown,flat,,8900000
Санкт-Петербург,Невский,Ломоносовская,40,,,1,12,23,unknown,unknown,flat,,8990000
Санкт-Петербург,Невский,Улица Дыбенко,37.9,,,1,2,10,unknown,unknown,flat,,8990000
Санкт-Петербург,Невский,Елизаровская,23.72,,,0,2,14,unknown,unknown,flat,,9000000
Санкт-Петербург,Невский,Ломоносовская,34.4,,,1,13,25,unknown,unknown,flat,,9003168
Санкт-Петербург,Невский,Ломоносовская,47.6,,,2,1,5,unknown,unknown,flat,,9700000
Санкт-Петербург,Невский,Улица Дыбенко,30.22,,,0,3,14,unknown,unknown,flat,,9769522
Санкт-Петербург,Невский,Рыбацкое,52.1,,,2,22,23,unknown,unknown,flat,,10800000
Санкт-Петербург,Невский,Улица Дыбенко,38.67,,,1,3,18,unknown,unknown,flat,,11098677
Санкт-Петербург,Невский,Обухово,51.5,,,2,25,35,unknown,unknown,flat,,11200000
Санкт-Петербург,Невский,Проспект Большевиков,37.3,,,1,19,21,unknown,unknown,flat,,11950000
Санкт-Петербург,Невский,Проспект Большевиков,37.3,,,1,19,21,unknown,unknown,flat,,11950000
Санкт-Петербург,Невский,Елизаровская,32.96,,,1,2,12,unknown,unknown,flat,,12200000
Санкт-Петербург,Невский,Ломоносовская,65.7,,,2,20,23,unknown,unknown,flat,,12200000
Санкт-Петербург,Невский,Проспект Большевиков,60.1,,,2,9,9,unknown,unknown,flat,,13300000
Санкт-Петербург,Невский,Проспект Большевиков,60.1,,,2,9,9,unknown,unknown,flat,,13300000
Санкт-Петербург,Невский,Улица Дыбенко,43.03,,,2,16,18,unknown,unknown,flat,,16009742
Санкт-Петербург,Невский,Улица Дыбенко,43.03,,,2,16,18,unknown,unknown,flat,,16203377
Санкт-Петербург,Невский,Ломоносовская,53.3,,,2,23,25,unknown,unknown,flat,,16818282
Санкт-Петербург,Невский,Ломоносовская,53.3,,,2,23,25,unknown,unknown,flat,,17537832
Санкт-Петербург,Невский,Ломоносовская,53.3,,,2,23,25,unknown,unknown,flat,,17537832
Санкт-Петербург,Невский,Улица Дыбенко,77.4,,,3,2,18,unknown,unknown,flat,,22576806
Санкт-Петербург,Петроградский,Чкаловская,54.1,,,2,1,6,unknown,unknown,flat,,10400000
Санкт-Петербург,Петроградский,Спортивная,41.3,,,2,3,5,unknown,unknown,flat,,11499900
Санкт-Петербург,Петроградский,Чкаловская,23,,,0,1,9,unknown,unknown,flat,,15200000
Санкт-Петербург,Петроградский,Петроградская,53,,,3,5,5,unknown,unknown,flat,,15500000
Санкт-Петербург,Петроградский,Спортивная,22.05,,,0,5,8,unknown,unknown,flat,,16268490
Санкт-Петербург,Петроградский,Спортивная,43.3,,,0,6,6,unknown,unknown,flat,,16913889
Санкт-Петербург,Петроградский,Спортивная,31.86,,,1,4,8,unknown,unknown,flat,,16940000
Санкт-Петербург,Петроградский,Петроградская,63.3,,,3,2,4,unknown,unknown,flat,,17000000
Санкт-Петербург,Петроградский,Крестовский остров,24.1,,,0,8,9,unknown,unknown,flat,,17149560
Санкт-Петербург,Петроградский,Спортивная,28.43,,,0,5,8,unknown,unknown,flat,,17664981
Санкт-Петербург,Петроградский,Чкаловская,24.54,,,0,2,9,unknown,unknown,flat,,18329795
Санкт-Петербург,Петроградский,Чкаловская,24.54,,,0,2,9,unknown,unknown,flat,,18329795
Санкт-Петербург,Петроградский,Спортивная,79,,,3,4,6,unknown,unknown,flat,,18700000
Санкт-Петербург,Петроградский,Спортивная,79,,,3,4,6,unknown,unknown,flat,,18700000
Санкт-Петербург,Петроградский,Спортивная,24.79,,,0,8,8,unknown,unknown,flat,,19617567
Санкт-Петербург,Петроградский,Спортивная,28.96,,,1,2,8,unknown,unknown,flat,,19938960
Санкт-Петербург,Петроградский,Спортивная,27.3,,,0,8,8,unknown,unknown,flat,,21070140
Санкт-Петербург,Петроградский,Спортивная,44.6,,,1,6,8,unknown,unknown,flat,,21200000
Санкт-Петербург,Петроградский,Спортивная,26.7,,,0,3,6,unknown,unknown,flat,,21778969
Санкт-Петербург,Петроградский,Спортивная,34.8,,,1,7,8,unknown,unknown,flat,,21795240
Санкт-Петербург,Петроградский,Спортивная,35.4,,,1,7,8,unknown,unknown,flat,,21880740
Санкт-Петербург,Петроградский,Петроградская,73,,,3,5,5,unknown,unknown,flat,,22600000
Санкт-Петербург,Петроградский,Крестовский остров,48.2,,,1,6,9,unknown,unknown,flat,,22940000
Санкт-Петербург,Петроградский,Спортивная,46.4,,,1,5,8,unknown,unknown,flat,,23603680
Санкт-Петербург,Петроградский,Спортивная,30.61,,,0,4,8,unknown,unknown,flat,,24899705
Санкт-Петербург,Петроградский,Чкаловская,39.8,,,1,3,10,unknown,unknown,flat,,25900000
Санкт-Петербург,Петроградский,Спортивная,41.6,,,1,6,8,unknown,unknown,flat,,26500000
Санкт-Петербург,Петроградский,Спортивная,57.9,,,2,7,8,unknown,unknown,flat,,29911140
Санкт-Петербург,Петроградский,Крестовский остров,52.2,,,1,7,9,unknown,unknown,flat,,31800000
Санкт-Петербург,Петроградский,Горьковская,70.9,,,2,5,7,unknown,unknown,flat,,32900000
Санкт-Петербург,Петроградский,Чкаловская,56.8,,,2,5,5,unknown,unknown,flat,,34900000
Санкт-Петербург,Петроградский,Спортивная,111.2,,,3,3,6,unknown,unknown,flat,,34900000
Санкт-Петербург,Петроградский,Петроградская,82.3,,,2,5,9,unknown,unknown,flat,,36623500
Санкт-Петербург,Петроградский,Петроградская,84.5,,,2,2,9,unknown,unknown,flat,,36757500
Санкт-Петербург,Петроградский,Чкаловская,101.8,,,3,3,5,unknown,unknown,flat,,36890000
Санкт-Петербург,Петроградский,Чкаловская,51.8,,,1,8,9,unknown,unknown,flat,,37285640
Санкт-Петербург,Петроградский,Крестовский остров,56.2,,,1,5,10,unknown,unknown,flat,,38000000
Санкт-Петербург,Петроградский,Крестовский остров,56.2,,,1,5,10,unknown,unknown,flat,,38000000
Санкт-Петербург,Петроградский,Петроградская,85.5,,,2,6,9,unknown,unknown,flat,,38368000
Санкт-Петербург,Петроградский,Спортивная,50.81,,,1,4,8,unknown,unknown,flat,,38653708
Санкт-Петербург,Петроградский,Горьковская,82,,,2,4,5,unknown,unknown,flat,,39360000
Санкт-Петербург,Петроградский,Чкаловская,44.21,,,1,1,8,unknown,unknown,flat,,39727957
Санкт-Петербург,Петроградский,Петроградская,90.6,,,3,2,9,unknown,unknown,flat,,39864000
Санкт-Петербург,Петроградский,Крестовский остров,70,,,2,4,10,unknown,unknown,flat,,40000000
Санкт-Петербург,Петроградский,Крестовский остров,70,,,2,4,10,unknown,unknown,flat,,40000000
Санкт-Петербург,Петроградский,Крестовский остров,73.1,,,2,7,9,unknown,unknown,flat,,40285410
Санкт-Петербург,Петроградский,Горьковская,104,,,2,3,5,unknown,unknown,flat,,41500000
Санкт-Петербург,Петроградский,Горьковская,122.6,,,3,6,15,unknown,unknown,flat,,44900000
Санкт-Петербург,Петроградский,Спортивная,129.2,,,2,5,8,unknown,unknown,flat,,46500000
Санкт-Петербург,Петроградский,Чкаловская,76,,,2,7,8,unknown,unknown,flat,,47000000
Санкт-Петербург,Петроградский,Спортивная,58.53,,,2,5,8,unknown,unknown,flat,,47810231
Санкт-Петербург,Петроградский,Петроградская,75.2,,,2,8,10,unknown,unknown,flat,,50900000
Санкт-Петербург,Петроградский,Петроградская,119.9,,,3,3,6,unknown,unknown,flat,,55150000
Санкт-Петербург,Петроградский,Чкаловская,96,,,3,2,10,unknown,unknown,flat,,55850000
Санкт-Петербург,Петроградский,Крестовский остров,118.7,,,3,8,9,unknown,unknown,flat,,64145480
Санкт-Петербург,Петроградский,Чкаловская,76.9,,,1,2,8,unknown,unknown,flat,,67000000
Санкт-Петербург,Петроградский,Чкаловская,130,,,3,11,12,unknown,unknown,flat,,68000000
Санкт-Петербург,Петроградский,Чкаловская,114,,,3,8,13,unknown,unknown,flat,,71500000
Санкт-Петербург,Петроградский,Чкаловская,114,,,3,8,13,unknown,unknown,flat,,71500000
Санкт-Петербург,Петроградский,Крестовский остров,93.5,,,2,2,6,unknown,unknown,flat,,73900000
Санкт-Петербург,Петроградский,Чкаловская,100,,,3,2,8,unknown,unknown,flat,,74500000
Санкт-Петербург,Петроградский,Крестовский остров,156.6,,,3,5,8,unknown,unknown,flat,,75000000
Санкт-Петербург,Петроградский,Крестовский остров,106,,,2,5,8,unknown,unknown,flat,,75000000
Санкт-Петербург,Петроградский,Петроградская,175.5,,,3,9,9,unknown,unknown,flat,,76342500
Санкт-Петербург,Петроградский,Петроградская,170,,,3,3,6,unknown,unknown,flat,,78000000
Санкт-Петербург,Петроградский,Чкаловская,93.21,,,3,2,8,unknown,unknown,flat,,83718140
Санкт-Петербург,Петроградский,Крестовский остров,153,,,3,9,9,unknown,unknown,flat,,83900000
Санкт-Петербург,Петроградский,Крестовский остров,80,,,2,2,9,unknown,unknown,flat,,86900000
Санкт-Петербург,Петроградский,Крестовский остров,80,,,2,2,9,unknown,unknown,flat,,86900000
Санкт-Петербург,Петроградский,Крестовский остров,80,,,2,2,9,unknown,unknown,flat,,86900000
Санкт-Петербург,Петроградский,Крестовский остров,108,,,3,7,10,unknown,unknown,flat,,89000000
Санкт-Петербург,Петроградский,Крестовский остров,108,,,3,7,10,unknown,unknown,flat,,89000000
Санкт-Петербург,Петроградский,Горьковская,110,,,2,8,9,unknown,unknown,flat,,89990000
Санкт-Петербург,Петроградский,Чкаловская,130,,,3,4,6,unknown,unknown,flat,,89990000
Санкт-Петербург,Петроградский,Чкаловская,130,,,3,4,6,unknown,unknown,flat,,89990000
Санкт-Петербург,Петроградский,Крестовский остров,144,,,3,5,8,unknown,unknown,flat,,91900000
Санкт-Петербург,Петроградский,Крестовский остров,123.6,,,3,3,10,unknown,unknown,flat,,95900000
Санкт-Петербург,Петроградский,Крестовский остров,123.6,,,3,3,10,unknown,unknown,flat,,95900000
Санкт-Петербург,Петроградский,Спортивная,109.17,,,3,3,8,unknown,unknown,flat,,96691869
Санкт-Петербург,Петроградский,Крестовский остров,84.8,,,1,13,14,unknown,unknown,flat,,110240000
Санкт-Петербург,Петроградский,Крестовский остров,140,,,3,2,8,unknown,unknown,flat,,130000000
Санкт-Петербург,Петроградский,Петроградская,153,,,3,7,11,unknown,unknown,flat,,149990000
Санкт-Петербург,Петроградский,Черная речка,153.4,,,3,2,3,unknown,unknown,flat,,177177000
Санкт-Петербург,Петроградский,Крестовский остров,148.63,,,1,6,6,unknown,unknown,flat,,297260000
Санкт-Петербург,Петроградский,Спортивная,170.21,,,3,7,8,unknown,unknown,flat,,305416314
Санкт-Петербург,Петродворцовый,Юго-Западная,23.9,,,0,3,5,unknown,unknown,flat,,5495000
Санкт-Петербург,Петродворцовый,unknown,33.2,,,1,7,9,unknown,unknown,flat,,5700000
Санкт-Петербург,Петродворцовый,Юго-Западная,22.1,,,0,1,4,unknown,unknown,flat,,5950000
Санкт-Петербург,Петродворцовый,Юго-Западная,54.6,,,2,3,4,unknown,unknown,flat,,13700000
Санкт-Петербург,Петродворцовый,Проспект Ветеранов,51.27,,,2,4,4,unknown,unknown,flat,,14200000
Санкт-Петербург,Приморский,Проспект Просвещения,19.8,,,0,12,25,unknown,unknown,flat,,5600000
Санкт-Петербург,Приморский,Комендантский проспект,22.7,,,0,13,24,unknown,unknown,flat,,5990000
Санкт-Петербург,Приморский,Комендантский проспект,25.3,,,0,18,20,unknown,unknown,flat,,6099888
Санкт-Петербург,Приморский,Комендантский проспект,24.5,,,0,1,25,unknown,unknown,flat,,6150000
Санкт-Петербург,Приморский,Комендантский проспект,21.4,,,0,9,12,unknown,unknown,flat,,6190000
Санкт-Петербург,Приморский,Комендантский проспект,24.1,,,0,20,24,unknown,unknown,flat,,6650000
Санкт-Петербург,Приморский,Комендантский проспект,19.5,,,0,10,13,unknown,unknown,flat,,6790000
Санкт-Петербург,Приморский,Комендантский проспект,28.2,,,0,9,21,unknown,unknown,flat,,6800000
Санкт-Петербург,Приморский,Комендантский проспект,22.7,,,0,2,13,unknown,unknown,flat,,6900000
Санкт-Петербург,Приморский,Комендантский проспект,22.9,,,0,2,19,unknown,unknown,flat,,6990000
Санкт-Петербург,Приморский,Беговая,26.7,,,0,3,23,unknown,unknown,flat,,7030627
Санкт-Петербург,Приморский,Старая Деревня,25.5,,,0,13,22,unknown,unknown,flat,,7790000
Санкт-Петербург,Приморский,Беговая,32.8,,,1,2,13,unknown,unknown,flat,,7799000
Санкт-Петербург,Приморский,Комендантский проспект,25,,,0,4,25,unknown,unknown,flat,,7898257
Санкт-Петербург,Приморский,Комендантский проспект,33.3,,,1,4,10,unknown,unknown,flat,,7950000
Санкт-Петербург,Приморский,Комендантский проспект,34,,,1,7,24,unknown,unknown,flat,,8500000
Санкт-Петербург,Приморский,Комендантский проспект,34,,,1,7,24,unknown,unknown,flat,,8500000
Санкт-Петербург,Приморский,Старая Деревня,24.7,,,0,19,25,unknown,unknown,flat,,8500000
Санкт-Петербург,Приморский,Пионерская,32.1,,,1,3,25,unknown,unknown,flat,,8700000
Санкт-Петербург,Приморский,Пионерская,44.9,,,2,5,5,unknown,unknown,flat,,8799999
Санкт-Петербург,Приморский,Комендантский проспект,35.6,,,1,2,24,unknown,unknown,flat,,8800000
Санкт-Петербург,Приморский,Беговая,41.4,,,1,3,4,unknown,unknown,flat,,8834000
Санкт-Петербург,Приморский,Беговая,41.4,,,1,3,4,unknown,unknown,flat,,8834000
Санкт-Петербург,Приморский,Проспект Просвещения,32.8,,,0,9,12,unknown,unknown,flat,,9200000
Санкт-Петербург,Приморский,Пионерская,60,,,3,9,9,unknown,unknown,flat,,9790000
Санкт-Петербург,Приморский,Комендантский проспект,52.2,,,2,6,12,unknown,unknown,flat,,10500000
Санкт-Петербург,Приморский,Комендантский проспект,38.9,,,1,12,13,unknown,unknown,flat,,10590000
Санкт-Петербург,Приморский,Комендантский проспект,38.9,,,1,12,13,unknown,unknown,flat,,10590000
Санкт-Петербург,Приморский,Беговая,41.1,,,1,5,25,unknown,unknown,flat,,10700000
Санкт-Петербург,Приморский,Беговая,41.1,,,1,5,25,unknown,unknown,flat,,10700000
Санкт-Петербург,Приморский,Комендантский проспект,51.9,,,2,6,10,unknown,unknown,flat,,10800000
Санкт-Петербург,Приморский,Комендантский проспект,59,,,2,11,13,unknown,unknown,flat,,12200000
Санкт-Петербург,Приморский,Озерки,79.7,,,3,1,12,unknown,unknown,flat,,13750000
Санкт-Петербург,Приморский,Проспект Просвещения,56.8,,,2,10,25,unknown,unknown,flat,,14200000
Санкт-Петербург,Приморский,Проспект Просвещения,54.34,,,2,2,7,unknown,unknown,flat,,14822920
Санкт-Петербург,Приморский,Комендантский проспект,79.4,,,3,1,16,unknown,unknown,flat,,14950000
Санкт-Петербург,Приморский,Проспект Просвещения,44.3,,,1,9,25,unknown,unknown,flat,,14990000
Санкт-Петербург,Приморский,Проспект Просвещения,66,,,2,6,25,unknown,unknown,flat,,15500000
Санкт-Петербург,Приморский,Беговая,63.41,,,3,5,23,unknown,unknown,flat,,16527182
Санкт-Петербург,Приморский,Беговая,82.9,,,3,1,4,unknown,unknown,flat,,17424000
Санкт-Петербург,Приморский,Черная речка,78.6,,,3,3,5,unknown,unknown,flat,,17500000
Санкт-Петербург,Приморский,Комендантский проспект,78.4,,,3,11,12,unknown,unknown,flat,,17500000
Санкт-Петербург,Приморский,Комендантский проспект,67.4,,,2,13,25,unknown,unknown,flat,,17900000
Санкт-Петербург,Приморский,Черная речка,64.26,,,2,2,10,unknown,unknown,flat,,24063000
Санкт-Петербург,Приморский,Черная речка,64.26,,,2,2,10,unknown,unknown,flat,,24063000
Санкт-Петербург,Приморский,Беговая,67.7,,,2,21,26,unknown,unknown,flat,,26000000
Санкт-Петербург,Приморский,Черная речка,62.2,,,2,7,10,unknown,unknown,flat,,32000000
Санкт-Петербург,Приморский,Лесная,80,,,3,7,14,unknown,unknown,flat,,36900000
Санкт-Петербург,Приморский,Черная речка,83,,,3,11,12,unknown,unknown,flat,,39600000
Санкт-Петербург,Пушкинский,Шушары,19.8,,,0,1,10,unknown,unknown,flat,,3330756
Санкт-Петербург,Пушкинский,Московская,44.8,,,2,3,5,unknown,unknown,flat,,5130000
Санкт-Петербург,Пушкинский,Шушары,44,,,1,2,7,unknown,unknown,flat,,5199000
Санкт-Петербург,Пушкинский,Купчино,23,,,0,15,18,unknown,unknown,flat,,5400000
Санкт-Петербург,Пушкинский,Звездная,28.6,,,0,18,23,unknown,unknown,flat,,5800000
Санкт-Петербург,Пушкинский,Купчино,30,,,1,3,5,unknown,unknown,flat,,5990000
Санкт-Петербург,Пушкинский,Звездная,26.44,,,0,5,12,unknown,unknown,flat,,6000000
Санкт-Петербург,Пушкинский,Звездная,24,,,0,8,10,unknown,unknown,flat,,6500000
Санкт-Петербург,Пушкинский,Купчино,56,,,3,4,5,unknown,unknown,flat,,6850000
Санкт-Петербург,Пушкинский,Шушары,35.5,,,0,4,4,unknown,unknown,flat,,6900000
Санкт-Петербург,Пушкинский,Шушары,82.9,,,3,9,9,unknown,unknown,flat,,10097000
Санкт-Петербург,Пушкинский,Шушары,82.9,,,3,9,9,unknown,unknown,flat,,10097000
Санкт-Петербург,Пушкинский,Купчино,55.4,,,2,4,5,unknown,unknown,flat,,14000000
Санкт-Петербург,Пушкинский,Купчино,66.1,,,3,3,4,unknown,unknown,flat,,17150967
Санкт-Петербург,Уютная квартира в Московском еСтудия,unknown,26.4,,,0,9,19,unknown,unknown,flat,,7990000
Санкт-Петербург,Фрунзенский,Проспект Славы,32,,,1,1,9,unknown,unknown,flat,,6900000
Санкт-Петербург,Фрунзенский,Купчино,36.6,,,1,6,14,unknown,unknown,flat,,8670000
Санкт-Петербург,Фрунзенский,Купчино,50.2,,,2,8,10,unknown,unknown,flat,,8900000
Санкт-Петербург,Фрунзенский,Проспект Славы,46.3,,,2,8,9,unknown,unknown,flat,,10850000
Санкт-Петербург,Фрунзенский,Проспект Славы,40.3,,,1,4,25,unknown,unknown,flat,,11000000
Санкт-Петербург,Фрунзенский,Проспект Славы,44.5,,,2,2,5,unknown,unknown,flat,,11700000
Санкт-Петербург,Фрунзенский,Проспект Славы,56.7,,,2,8,17,unknown,unknown,flat,,13450000
Санкт-Петербург,Фрунзенский,Обводный канал,39.3,,,1,5,12,unknown,unknown,flat,,13932478
Санкт-Петербург,Фрунзенский,Обводный канал,49.4,,,2,2,12,unknown,unknown,flat,,17173119
Санкт-Петербург,Фрунзенский,Обводный канал,84.7,,,3,3,12,unknown,unknown,flat,,23647054
Санкт-Петербург,Фрунзенский,Обводный канал,57,,,2,6,11,unknown,unknown,flat,,27500000
Санкт-Петербург,Центральный,Владимирская,19.56,,,0,3,6,unknown,unknown,flat,,4250000
Санкт-Петербург,Центральный,Владимирская,21.2,,,0,3,6,unknown,unknown,flat,,4690000
Санкт-Петербург,Центральный,Владимирская,18,,,0,3,5,unknown,unknown,flat,,5150000
Санкт-Петербург,Центральный,Маяковская,15,,,0,2,5,unknown,unknown,flat,,5500000
Санкт-Петербург,Центральный,Площадь Восстания,22,,,0,4,7,unknown,unknown,flat,,6300000
Санкт-Петербург,Центральный,Владимирская,31.9,,,0,3,5,unknown,unknown,flat,,7350000
Санкт-Петербург,Центральный,Площадь Восстания,71,,,3,2,5,unknown,unknown,flat,,14000000
Санкт-Петербург,Центральный,Площадь Александра Невского,21.01,,,0,3,10,unknown,unknown,flat,,14601950
Санкт-Петербург,Центральный,Владимирская,43,,,1,3,5,unknown,unknown,flat,,15450000
Санкт-Петербург,Центральный,Площадь Александра Невского,23.02,,,0,7,10,unknown,unknown,flat,,16528509
Санкт-Петербург,Центральный,Площадь Александра Невского,55.4,,,3,3,7,unknown,unknown,flat,,17900000
Санкт-Петербург,Центральный,Площадь Александра Невского,26.62,,,0,10,10,unknown,unknown,flat,,19360899
Санкт-Петербург,Центральный,Площадь Александра Невского,36.05,,,1,2,10,unknown,unknown,flat,,21197129
Санкт-Петербург,Центральный,Площадь Восстания,78.5,,,3,3,6,unknown,unknown,flat,,25990000
Санкт-Петербург,Центральный,Площадь Александра Невского,49,,,1,2,8,unknown,unknown,flat,,26000000
Санкт-Петербург,Центральный,Лиговский проспект,80,,,3,6,10,unknown,unknown,flat,,28990000
Санкт-Петербург,Центральный,Сенная площадь,84,,,2,4,6,unknown,unknown,flat,,32000000
Санкт-Петербург,Центральный,Площадь Александра Невского,56.14,,,2,8,10,unknown,unknown,flat,,32062283
Санкт-Петербург,Центральный,Площадь Александра Невского,56.14,,,2,8,10,unknown,unknown,flat,,32062283
Санкт-Петербург,Центральный,Площадь Александра Невского,48.9,,,1,6,7,unknown,unknown,flat,,33000000
Санкт-Петербург,Центральный,Площадь Александра Невского,50.67,,,1,7,10,unknown,unknown,flat,,34455600
Санкт-Петербург,Центральный,Площадь Восстания,72.3,,,1,7,8,unknown,unknown,flat,,35900000
Санкт-Петербург,Центральный,Площадь Восстания,72.3,,,1,7,8,unknown,unknown,flat,,35900000
Санкт-Петербург,Центральный,Чернышевская,102,,,2,4,5,unknown,unknown,flat,,35900000
Санкт-Петербург,Центральный,Чернышевская,81,,,2,2,4,unknown,unknown,flat,,39900000
Санкт-Петербург,Центральный,Площадь Александра Невского,75.6,,,2,8,9,unknown,unknown,flat,,42000000
Санкт-Петербург,Центральный,Чернышевская,101.8,,,3,3,9,unknown,unknown,flat,,43550000
Санкт-Петербург,Центральный,Площадь Александра Невского,94,,,3,9,9,unknown,unknown,flat,,44000000
Санкт-Петербург,Центральный,Площадь Александра Невского,84.35,,,3,9,10,unknown,unknown,flat,,45192452
Санкт-Петербург,Центральный,Чернышевская,82,,,2,2,4,unknown,unknown,flat,,46000000
Санкт-Петербург,Центральный,Чернышевская,84,,,2,2,8,unknown,unknown,flat,,47900000
Санкт-Петербург,Центральный,Чернышевская,95,,,2,4,5,unknown,unknown,flat,,50000000
Санкт-Петербург,Центральный,Адмиралтейская,138.4,,,3,4,5,unknown,unknown,flat,,56500000
Санкт-Петербург,Центральный,Новочеркасская,103,,,3,7,7,unknown,unknown,flat,,61800000
Санкт-Петербург,Центральный,Чернышевская,118,,,3,4,9,unknown,unknown,flat,,69000000
Санкт-Петербург,Центральный,Площадь Александра Невского,110.22,,,3,3,10,unknown,unknown,flat,,69438600
Санкт-Петербург,Центральный,Чернышевская,118,,,2,3,7,unknown,unknown,flat,,69500000
Санкт-Петербург,Центральный,Чернышевская,89,,,2,4,4,unknown,unknown,flat,,75000000
Санкт-Петербург,Центральный,Площадь Александра Невского,100,,,3,9,9,unknown,unknown,flat,,75000000
Санкт-Петербург,Центральный,Чернышевская,89,,,2,4,4,unknown,unknown,flat,,75000000
Санкт-Петербург,Центральный,Площадь Александра Невского,100,,,3,9,9,unknown,unknown,flat,,75000000
Санкт-Петербург,Центральный,Площадь Александра Невского,100,,,3,9,9,unknown,unknown,flat,,75000000
Санкт-Петербург,Центральный,Достоевская,125,,,2,2,6,unknown,unknown,flat,,76000000
Санкт-Петербург,Центральный,Чернышевская,175.5,,,3,8,9,unknown,unknown,flat,,77570000
Санкт-Петербург,Центральный,Чернышевская,111.6,,,3,1,3,unknown,unknown,flat,,80900000
Санкт-Петербург,Центральный,Чернышевская,93.8,,,1,2,7,unknown,unknown,flat,,93800000
Санкт-Петербург,Центральный,Чернышевская,154,,,3,7,8,unknown,unknown,flat,,105000000
Санкт-Петербург,Центральный,Чернышевская,109.7,,,3,2,8,unknown,unknown,flat,,108000000
Санкт-Петербург,Центральный,Звенигородская,124.1,,,2,7,9,unknown,unknown,flat,,116000000
Санкт-Петербург,Центральный,Чернышевская,120,,,3,2,7,unknown,unknown,flat,,122800000
Санкт-Петербург,Центральный,Гостиный двор,210,,,3,6,6,unknown,unknown,flat,,135000000
Санкт-Петербург,Центральный,Площадь Ленина,130.4,,,2,6,7,unknown,unknown,flat,,150000000
Санкт-Петербург,Центральный,Чернышевская,135,,,1,4,4,unknown,unknown,flat,,155000000
Санкт-Петербург,Центральный,Чернышевская,135,,,2,4,4,unknown,unknown,flat,,155000000
Санкт-Петербург,Центральный,Гостиный двор,98.1,,,3,6,6,unknown,unknown,flat,,170000000
Санкт-Петербург,Центральный,Чернышевская,120.4,,,3,5,7,unknown,unknown,flat,,180600000
Санкт-Петербург,Центральный,Чернышевская,120.4,,,3,5,7,unknown,unknown,flat,,180600000
Санкт-Петербург,Центральный,Площадь Ленина,121.9,,,3,6,7,unknown,unknown,flat,,195040000
Санкт-Петербург,Центральный,Площадь Ленина,121.9,,,3,6,7,unknown,unknown,flat,,195040000
Санкт-Петербург,Центральный,Чернышевская,180.8,,,3,7,7,unknown,unknown,flat,,271200000
Санкт-Петербург,Центральный,Звенигородская,248.2,,,3,3,9,unknown,unknown,flat,,340000000
Санкт-Петербург,Центральный,Чернышевская,140,,,2,4,4,unknown,unknown,flat,,180000000